Temperature,Humidity,Wind_Speed,PM2.5,PM10,NO2,SO2,CO,O3,AQI
-0.2777182948111455,-0.5733752997663475,1.3694307511020543,-1.4891692505791647,-1.342317531297559,0.2831272557034875,0.5697941403194815,-0.5105022337327263,0.15513534782370864,42.0
-0.7551569912674644,1.0311600684797475,0.22955304961619327,-0.6582869819370538,-0.640515504517842,-0.025487814815206504,0.706941406087918,-0.28865024107370296,-0.3796220450336054,53.0
-1.193621100257961,1.021316293214434,-1.541328379477912,-0.6226267987335298,-0.4789753960519224,0.14235546915110067,0.3060493984571037,-0.635293979603427,0.07874143455837831,53.0
-1.154646512792139,0.4799086536221932,0.8605567772244376,0.17616130502540933,0.07385075292033558,0.15859836759945323,1.1605823620912075,-0.5936967309798601,0.06600911568082303,88.0
-1.2910575689225159,-0.1500929633578686,1.7968848891592517,1.5098521568372099,2.157718152130698,1.338915654846388,0.34824855715508396,1.9576011845989096,-1.1944904531971319,208.0
-0.8818244005313856,-1.3215022199301711,1.4508505869224726,-0.8972102094006651,-0.986929292672536,-0.009244916366854147,1.7724701632119237,0.32144273873861157,0.47980947920136374,64.0
-1.924394615242122,0.39131467623437216,0.1074232958855654,-1.5854517452286796,-1.4464211567533738,-1.6660205580987906,-0.010444291777749618,-1.2315212098745525,0.492541798078919,54.0
-0.47259123214025517,-1.4347056354812762,-0.7881948981390395,-0.10912016060278323,-0.19897254137766168,1.2198010662251377,-0.6539814619219515,0.7096837258919025,0.015079840170602819,80.0
0.8428010948312349,-0.1500929633578686,-1.541328379477912,-0.11268617892313544,-0.5651301205670795,0.2668843572551353,0.5064954022725107,-0.4134419869444036,-1.2008566126359093,78.0
0.49202980763883736,-0.9277512093176324,-0.17754612948589987,-0.7403054033051591,-0.5741045710374083,-0.3774172811961734,-0.5484835651770004,1.264313707539461,0.874511364405572,95.0
-0.5797713476712656,2.9211649194199336,-1.1138742414207141,0.18685935998646672,0.7128316264077509,0.6783711179467271,-0.9388257831333194,0.14118799470315485,0.26336005828292713,129.0
-0.3654111166092451,-0.4306405584193022,0.1888431317059841,-0.4906841208804906,-0.6764133063991574,-0.7293467475771402,0.04230465659472593,-1.439507452992387,0.7599204945075758,58.0
-1.193621100257961,-1.065564063032021,-0.25896596530631855,-0.20896867357265053,-0.20794699184799056,-0.9567473258540727,-0.8333278863883683,2.3042449231286337,-0.5642406687581543,139.0
-1.1643901596585946,2.4929606953787977,1.1251712436407983,-0.4942501392008431,-0.07871490507525511,1.1927295688112172,1.4559764729770706,1.4168369524925397,-0.4814805960540463,99.0
-0.5407967602054439,-2.389551836216682,0.7791369414040189,-1.6710361849171373,-1.5523196723032546,0.5105278339804201,-1.571813163603026,0.8067439726802255,-1.2645182070236847,80.0
0.053565698648340695,-0.31743714286819746,-0.3403858011267373,1.0961940316763303,1.9261773299962135,-1.628120461719302,-0.8016785173648829,0.46010023415050133,-1.2263212503910195,191.0
1.7489602534115944,0.28303314831592385,0.5348774339427631,-0.2945531132611082,0.13667190621263764,-0.7780754429221973,1.3082794175341392,-1.2592527089569303,-0.20136958074783423,104.0
-0.3654111166092451,0.2338142719893565,1.1048162846856937,0.8929309874162434,1.1364256886072734,0.1369411696683165,-0.516834196153515,0.32144273873861157,-0.5897053065132644,150.0
-0.3166928822769677,0.6767841589284626,0.6162972697631818,0.5434611920217074,0.2784682236438338,0.8787001988097392,0.32714897780609387,0.6680864772683357,-2.28946987666687,105.0
-0.07310171061558064,-1.2772052312362605,0.49416751603255393,0.6682718332340414,0.8546279438389468,2.113160480884515,0.5170451919470059,-0.10839549703824641,1.1737208580281167,150.0
0.13151487357998462,0.2092048338260732,1.1251712436407983,-1.5141313788216315,-1.4338569260949137,-0.32868858585111654,-1.5085144255560554,-1.1205952135450408,-0.16953878355394647,33.0
-0.9890045160623958,0.2781112606832674,-0.9510345697798768,1.1568163431223213,0.2892375642082283,0.7541713107057049,0.9073874099033249,0.3491742378209895,0.2060646233339293,138.0
0.365362398374916,-0.027045772541450245,0.27026296752640244,1.488456046915095,1.1902723914292466,0.07196957587490745,1.1711321517657027,0.33530848827980053,-0.8507178435031441,156.0
0.9889557978280671,-1.3953305344200222,0.14813321379577457,0.2795758363156293,0.5656506386943575,1.3714014517430928,0.0212050772457356,0.3769057369033675,0.47980947920136374,114.0
-1.8367017934440226,0.32240824937717827,-0.9917444876900862,0.09057686533695161,0.08282520339066445,1.430958746053718,-0.2530894542911372,-1.439507452992387,1.5238596271608822,91.0
1.1935723820236324,-0.12548352519458492,0.5755873518529723,-1.4535090673756406,-1.2956503888518491,1.495930339847127,-1.2236701043446876,1.3336424552454058,0.6325973057320249,99.0
-0.40438570407506685,0.056626317213714375,-1.35813374888197,0.7253281263596802,0.027183610474625586,0.6404710215672386,0.8440886718563541,-0.4827707346503485,-0.3541574072784953,124.0
0.3166441640426386,0.027094991417773898,1.7154650533388334,0.5078010088181834,-0.1756389701548067,1.4038872486397975,1.3082794175341392,-0.6630254786858049,-0.7934224085541461,97.0
-0.37515476347570037,2.6209297738278723,-0.7271300212737256,-0.07345997739925916,-0.5741045710374083,1.2252153657079219,0.00010549789674545484,1.4861657001984843,0.26336005828292713,96.0
-0.4336166446744334,0.9868630797858374,0.005648501110042118,1.4171356805080468,1.2459139843452856,1.4526159439848545,0.7280409854369081,-0.05293249887349051,-1.0608011049828032,156.0
-0.706438756935187,-0.730875704011363,0.08706833693046082,-0.7830976231493881,-1.0048781936131939,-0.664375153783731,-1.571813163603026,-0.7323542263917497,-0.5196775526867117,49.0
0.6576718043685805,0.15014218223419226,-0.767839939183935,1.7915676041450497,1.3482227197070342,1.382230050708661,0.6858418267389275,-1.384044454827631,1.428367235579219,165.0
-1.047466397261129,1.2181917985207034,0.7994919003591238,0.27244379967492444,-0.19538276118953035,-1.021718919647482,-0.010444291777749618,-1.439507452992387,-0.9844071917174726,93.0
-0.47259123214025517,0.33717391227514837,-0.6253552264982024,-1.1896237116695625,-1.0443657756826408,-1.6172918627537338,-1.0337738902037754,0.487831733232879,0.8044836105790188,59.0
-0.3654111166092451,2.010615707378438,-0.1571911705307953,2.3407344254793205,2.9600340241780985,-0.7347610470599245,0.4115472952020548,0.87607272038617,-0.6851976980949278,254.0
-0.911055341130752,-0.7997821308685573,-0.40145067799205103,0.11910501189977102,-0.2133316621301881,-0.967575924819641,0.1689021326886672,0.33530848827980053,-1.2708843664624623,84.0
1.817165781476783,0.5143618670507905,0.473812557077449,-0.7474374399458641,-0.6566695153644339,-0.2853741899888436,0.06340423594371608,0.8067439726802255,0.61986498685447,90.0
0.872032035430601,-0.19438995205177914,-0.36074076008184186,-0.8865121544396078,-0.9438519304149575,-0.020073515332422513,-1.1498215766232216,0.03026199837364335,3.0262732547123834,87.0
0.4627988670394709,-0.583219075031661,-1.1138742414207141,0.34733018440232505,0.680523604714567,1.6042163295028093,0.7280409854369081,1.264313707539461,0.16150150726248627,122.0
0.5407480419711148,0.09600141827496811,1.7765299302041475,-1.6710361849171373,-1.5523196723032546,-1.433205680339074,-0.6856308309454368,0.8344754717626031,1.6766474536915428,77.0
-0.7941315787332861,0.4454554401935966,-0.9103246518696675,0.10840695693871365,0.5135988259664499,0.18025556553058958,-0.432435878757554,1.4722999506572958,-0.5706068281969319,119.0
0.38484969210782694,0.11568896880559532,0.33132784439171653,-1.2431139864748486,-1.1161613794452718,-1.1624907061998688,0.00010549789674545484,-0.19158999428538012,-0.23320037794172196,38.0
0.1704894610458064,2.438819931419574,1.2269460384163215,1.7773035308636402,2.4305414464286956,0.055726677426555085,0.19000171203765734,0.6958179763507136,0.5434710735891393,217.0
0.9694685040951558,0.0024855532544902294,0.6773621466284956,-0.21610071021335545,-0.1325616078972283,-1.6660205580987906,0.04230465659472593,-0.7462199759329388,1.593887380987435,71.0
0.32638781090909424,0.3322520246424912,-0.25896596530631855,-0.07345997739925916,-0.17025429987260943,1.0573720817416146,0.6436426680409472,0.03026199837364335,-0.3732558855948278,81.0
-1.5151614468509917,0.9917849674184939,0.14813321379577457,1.2317027278497221,1.9495109012190683,-1.4927629746496993,-0.49573461680452485,-0.4134419869444036,-0.5833391470744872,191.0
0.9207502697628784,1.2575668995819578,-1.4599085436574932,1.2994570759364175,2.030280955452028,1.1927295688112172,-1.2236701043446876,0.5016974827740679,0.5180064358340292,201.0
-0.9792608691959404,-2.163145005114473,0.9012666951346471,0.7538562729224993,1.152579699453865,0.3535131489796807,0.09505360496720149,0.14118799470315485,-1.2008566126359093,146.0
-1.1254155721927726,-0.730875704011363,-0.6864201033635163,0.5719893385845266,0.9623213494828932,0.9761575894998529,0.7280409854369081,0.15505374424434384,0.32702165267070266,140.0
1.4274199068185638,-0.2928277047049138,0.8809117361795421,2.041188886569718,2.0661787573333434,0.03948377897820273,-0.46408524778103943,0.3075769891974226,0.320655493231925,201.0
-0.6674641694693648,1.2181917985207034,-1.7652329279840633,-0.5727025422485961,-0.837953414865077,0.36975604742803325,0.6541924577154424,-0.42730773648559256,0.5243725952728068,51.0
-1.5931106217826356,-0.3666560191947648,-0.25896596530631855,-0.7046452201016351,-0.9564161610734179,-1.6497776596504383,2.0678642740977873,-0.3441132392384587,-0.7870562491153685,43.0
-0.14130723868076894,-1.4297837478486193,0.49416751603255393,-0.2945531132611082,-0.3587177597495156,-1.1895622036137894,1.783019952886419,-0.05293249887349051,0.5944003490993595,62.0
0.5699789825704813,0.9671755292552101,1.4101406690122635,-0.8544179895564362,-0.7661578111024461,-0.7347610470599245,-1.276419052717163,0.19665099286791077,-0.14407414579883593,56.0
-1.2033647471244164,0.3519395751731184,0.5145224749876586,0.09770890197765653,-0.4053849021952257,-1.6660205580987906,-1.571813163603026,-0.4134419869444036,-0.9971395105950277,78.0
1.057161325893255,0.9179566529286428,-0.584645308587993,-0.46215597431767147,-0.10922803667437304,-1.6660205580987906,0.8651882512053446,1.0285959653392487,0.015079840170602819,94.0
0.07305299238125158,-1.4002524220526789,0.8809117361795421,0.575555356904879,0.4400083321097533,0.2831272557034875,-0.8438776760628633,-0.28865024107370296,-0.42418516110504845,106.0
1.4761381411508412,0.33717391227514837,0.16848817275087916,-0.6154947620928248,-0.3210250677741345,-0.11753090602253627,-0.516834196153515,0.2937112396562336,1.4092687572628857,73.0
-0.29720558854405676,-1.2624395683382903,-1.2156490361962373,-0.1768745086894789,-0.4987191870866458,-0.4802889713690715,-0.34803756136159325,-1.439507452992387,-0.1313418269212811,66.0
0.872032035430601,0.2535018225199837,0.5755873518529723,0.582687393545584,0.0792354232025331,-0.30703138791997997,-0.09484260917371058,-0.4689049851091595,1.1036931042015634,101.0
2.4212718871970225,0.642330945499866,0.5348774339427631,-0.36230746134780395,-0.010509081500755541,-1.2382908989588464,-1.45576547718358,-0.260918741991325,0.12967071006859854,99.0
0.08279663924770721,-1.173845590950469,1.1048162846856937,1.9163782453573839,1.7718167819065567,-0.47487467188628735,-0.9493755728078145,0.9038042194685479,0.9190744804770146,189.0
-0.7843879318668309,-0.4601718842152427,0.026003460065146703,-0.8508519712360838,-0.8307738544888138,0.37517034691081746,0.5275949816215008,1.1256562121275715,-0.43055132054382567,92.0
0.39459333897428256,-0.3863435697253917,-0.7474849802288303,-0.18757256365053604,0.20308283969307128,0.3372702505313286,0.20055150171215258,1.264313707539461,0.27609237716048196,104.0
-0.07310171061558064,-1.931816286379606,-0.03506141680016741,-1.6460740566746705,-1.532575881268531,0.37517034691081746,-1.571813163603026,-0.4411734860267815,1.364705641191443,68.0
0.32638781090909424,-0.4601718842152427,-1.3174238309717605,1.4813240102743905,0.5620608585062259,1.3714014517430928,-0.35858735103608835,1.222716458915894,0.3970494064972558,145.0
-0.443360291540889,-0.2829839294396002,0.41274768021213526,-0.8793801177989031,-0.9241081393802341,-0.24205979412657075,-1.3924667391366092,-1.2731184584981194,1.5747889026711024,71.0
1.2910088506881872,0.6324871702345524,0.31097288543661195,2.36926257204214,3.1610617147134654,0.6783711179467271,0.34824855715508396,-0.42730773648559256,-0.13770798636005874,270.0
-1.8172144997111117,0.34701768754046197,-0.4828705138124697,1.6881530728548302,2.2474626568339864,1.1548294724317287,-0.6856308309454368,1.3336424552454058,-0.8188870463092562,214.0
0.18023310791226202,-0.19438995205177914,0.026003460065146703,0.4614427706536019,0.4974448151198581,1.4472016445020703,0.2744000294336183,1.4029712029513506,0.11693839119104325,114.0
-0.10233265121494715,-0.7850164679705872,-0.36074076008184186,0.9392892255808246,0.7128316264077509,-0.20415969774708204,0.538144771295996,-1.439507452992387,1.0718623070076756,121.0
0.3166441640426386,-0.8490010071951246,1.0641063667754842,-1.6710361849171373,-1.5523196723032546,-1.6660205580987906,-1.0337738902037754,-0.8432802227212616,-1.8820356725851073,29.0
0.4043369858407382,0.435611664928283,1.3897857100571587,-0.08059201403996383,0.3000069047726231,1.160243771914513,-0.09484260917371058,-0.08066399795586846,0.6707942623646902,101.0
-1.154646512792139,-0.8834542206237219,1.3287208331918445,-0.6725510552184635,-0.8594920959938662,-0.5236033672313443,0.20055150171215258,0.6680864772683357,0.46707716032380847,78.0
2.791530468122331,0.5832682939079851,-1.3377787899268654,-1.264510096396963,-1.1538540714206529,-1.1624907061998688,0.9179371995778202,1.1672534607511382,-0.2713973345743869,93.0
0.20946404851162853,0.47498676598953676,1.2473009973714262,0.6468757233119272,1.1292461282310102,0.8245572039818981,0.15835234301417192,-0.4411734860267815,-0.004018638145730101,143.0
1.2325469694894542,-0.07134276123536078,0.22955304961619327,0.9642513538232916,0.5907791000112784,0.34268455001411274,-0.7911287276903878,0.46010023415050133,-0.8507178435031441,130.0
0.34587510464200516,1.1640510345614796,0.6366522287182864,0.35089620272267746,-0.08948424563964964,-0.61023215895589,-0.06319324015022516,-1.439507452992387,-0.12497566748250345,91.0
0.11202757984707372,-1.346111658093455,0.06671337797535587,-0.9186063193227795,-0.8271840743006823,1.0032290869137734,-0.4851848271300296,-0.23318724290894705,-0.40508668278871557,68.0
-0.5115658196060773,0.8933472147653592,-0.3403858011267373,-0.9328703926041891,-1.082058467658022,0.4780420370837154,1.7724701632119237,-1.439507452992387,-0.4560159582989362,46.0
-0.18028182614659072,0.1845953956627895,0.9012666951346471,-0.5477404140061292,-0.4592316050171989,0.35892744846246494,1.0761840446952469,-0.13612699612062437,2.071349338895751,73.0
0.42382427957364904,-1.636503028420202,0.9623315719999609,-0.9186063193227795,-1.0856482478461535,-1.3086767922350395,0.14780255333967704,0.87607272038617,2.1668417304774144,83.0
0.6966463918344026,-0.20915561494974919,-0.8289048160492489,-1.403584810890707,-1.2525730265942705,2.0102887907116176,-0.06319324015022516,0.5016974827740679,-0.16953878355394647,80.0
-0.5992586414041765,1.862959078398736,1.0030414899101703,-0.169742472048774,-0.3389739687147922,0.3318559510485444,0.24275066041013288,-0.38571048786202566,-2.4613561815138643,71.0
0.9402375634957897,1.1640510345614796,0.1888431317059841,1.046269775191397,0.19590327931680834,2.0698460850222427,-0.6750810412709416,1.264313707539461,-0.3796220450336054,122.0
-1.3495194501212486,-0.9622044227462297,-0.6050002675430975,-0.4264957911141474,-0.7948760526074984,-0.8376327372328224,0.25330045008462815,0.26597974057385565,-1.8183740781973317,67.0
0.14125852044643988,-0.2189993902150628,-2.23339698395147,1.7844355675043453,0.9856549207057484,-0.9080186305090159,-0.42188608908305897,0.8067439726802255,1.1673546985893388,161.0
-0.8623371067984746,-0.061498985970047174,0.2091980906610887,-1.6710361849171373,-1.5523196723032546,-1.2924338937866875,1.202781520789188,-1.439507452992387,0.6325973057320249,51.0
-0.7356696975345535,1.1985042479900767,0.046358419020251285,-0.3587414430274517,-0.6153870432009211,-0.7780754429221973,0.538144771295996,-0.09452974749705743,-1.8183740781973317,57.0
-1.0766973378604952,0.6669403836631497,-2.3351717787269934,-0.052063867477144664,-0.3587177597495156,-0.20957399722986622,-0.7489295689924075,-1.370178705286442,0.5307387547115839,74.0
-2.1095239057047763,-0.3518903562967944,-0.3200308421716323,-1.1290014002235715,-1.1520591813265872,-1.6660205580987906,-0.50628440647902,-1.0374007162979069,-1.8756695131463297,32.0
-1.2910575689225159,-0.33712469339882434,0.27026296752640244,0.02995455389096085,0.418469650980964,1.474273141915991,-0.516834196153515,0.04412774791483233,-1.3854752363604583,112.0
1.9535768376071596,-0.02212388490879344,-1.5820382973881213,-0.04493183083643975,0.26769888307943923,-0.4694603724035032,1.297729627859644,-1.065132215380285,0.2569938988441495,101.0
0.4627988670394709,0.007407440887147033,-0.6253552264982024,-0.8044937330715025,-0.7715424813846433,0.31561305260019223,-1.381916949462114,-0.6768912282269939,0.4352463631299207,43.0
0.24843863597745033,-0.6472036142561984,0.6773621466284956,-0.04849784915679221,-0.22230611260051694,1.8207883088141739,-1.571813163603026,-0.3441132392384587,1.4410995544567733,69.0
-2.18747308063642,-0.7505632545419899,0.14813321379577457,0.33306611112091544,0.2318010811981238,-1.0433761175786185,-1.0126743108547853,1.6664204442339414,-0.4369174799826033,114.0
-0.35566746974278945,-0.6176722884602583,-0.11648125262058576,-1.0434169605351138,-0.986929292672536,-0.7022752501632198,-0.4007865097340688,-0.45503923556797055,0.19969846389515167,48.0
0.02433475804897418,0.5832682939079851,0.5552323928978677,1.4920220652354477,1.9189977696199503,0.6079852246705338,0.4853958229235205,-1.439507452992387,0.5944003490993595,204.0
1.3494707318869195,0.8490502260714483,-1.3377787899268654,-1.4677731406570502,-1.3710357728026117,-0.11753090602253627,0.8018895131583738,0.7235494754330916,0.7599204945075758,78.0
-0.043870770016214124,-1.2427520178076634,0.2091980906610887,0.696799979796861,1.3248891484841796,-1.3032624927522556,-1.5296140049050455,1.1533877112099495,0.23789542052781706,156.0
-0.8818244005313856,0.4503773278262531,0.9216216540897517,0.2332175981510479,0.17436459818801903,0.22356996139286225,1.593123738745507,0.6819522268095246,0.6516957840483578,92.0
0.04382205178188507,-0.716110041113393,-1.7652329279840633,0.5078010088181834,-0.03563754281767646,1.9940458922632647,0.15835234301417192,0.5294289818564459,-0.02311711646206257,104.0
-0.20951276674595723,0.15998595749950587,0.24990800857129786,-1.414282865851764,-1.3494970916738223,-0.1446024034364568,0.7174911957624128,-1.439507452992387,0.8172159294565737,54.0
-0.6577205226029096,-0.34204658103148117,-1.2156490361962373,-1.5925837818693844,-1.4553956072237026,0.7108569148434318,-0.4429856684320493,0.5571604809388239,-1.0098718294725828,81.0
1.3689580256198306,0.7456905857856572,0.1074232958855654,-0.3195152415035752,-0.05179155366426852,-0.025487814815206504,-0.29528861298911774,1.4861657001984843,1.5238596271608822,104.0
-1.0084918097953068,-0.3223590305008543,0.33132784439171653,-0.2945531132611082,-0.4789753960519224,-1.6660205580987906,0.5170451919470059,1.8189436891870199,-0.767957770799036,121.0
-1.2813139220560603,0.1698297327648191,-0.5439353906777836,-0.10555414228243078,0.15282591705922968,0.5917423262221817,-0.29528861298911774,0.18278524332672177,-0.36688972615605014,92.0
0.22895134224453942,0.032016879050430706,0.6366522287182864,-0.6083627254521201,-0.8433380851472743,1.3659871522603086,-1.571813163603026,0.19665099286791077,-1.0289703077889154,66.0
-1.2325956877237827,0.8588940013367619,-2.9254655884250287,0.582687393545584,0.6123177811400674,-1.0433761175786185,-1.571813163603026,0.18278524332672177,-1.334545960850238,121.0
-0.7941315787332861,1.9564749434192135,2.916407631690008,-0.24819487509652705,-0.6243614936712499,-0.5506748646452647,1.6880718458159631,0.12732224516196589,-1.2645182070236847,67.0
0.5602353357040256,2.099209684766259,-0.9510345697798768,2.494073213254474,3.4302952288233315,-0.2204025961954344,-0.07374302982472043,-0.9680719685919621,0.37795092818092285,280.0
-0.6966951100687313,-1.4691588489098732,0.41274768021213526,-1.0683790887775806,-0.9151336889099052,0.29937015415183965,0.8018895131583738,-1.439507452992387,-1.1562934965644664,49.0
-0.6772078163358204,0.37654901333640206,0.046358419020251285,0.18329334166611425,0.020004050098362394,-1.2220480005104941,0.7280409854369081,-0.5798309814386712,0.1424030289461538,87.0
-0.0828453574820359,-0.6176722884602583,-0.5032254727675743,-0.668985036898111,-0.6261563837653157,1.690845121227355,-1.1287219972742313,0.917669969009737,0.5371049141503617,85.0
1.388445319352742,0.6177215073365824,0.33132784439171653,-1.6710361849171373,-1.5523196723032546,1.0248862848449103,0.8018895131583738,-0.9403404695095843,-2.0284573396769905,63.0
-1.5443923874503582,1.2723325624799278,-0.055416375755271995,-0.651154945296349,-0.2743579253284242,1.3497442538119566,0.06340423594371608,-1.1621924621686077,-1.2517858881461297,71.0
0.1704894610458064,-1.9416600616449198,0.5552323928978677,-1.4891692505791647,-1.423087585530519,-0.5236033672313443,1.1711321517657027,1.3752397038689725,1.472930351650661,102.0
1.174085088290721,0.14522029460153543,0.657007187673391,-0.00927164763291568,-0.45025715454687004,-1.3519911880973126,-1.571813163603026,-1.439507452992387,1.2692132496097799,79.0
-1.037722750394673,-0.43556244605195904,0.29061792648150736,-0.5976646704910629,-0.4574367149231331,0.4238990422558743,-0.516834196153515,-1.439507452992387,0.8936098427219045,61.0
0.5699789825704813,-2.064707252461338,2.916407631690008,-1.0113227956519422,-0.7446191299736568,2.9523769007160516,1.3504785762321194,0.6680864772683357,-0.9207455973296972,113.0
-0.9987481629288514,0.24857993488732727,-0.6050002675430975,-1.449943049055288,-1.3530868718619538,0.044898078460986916,0.7596903544603936,0.9315357185509259,-1.321813641972683,90.0
-1.9146509683756665,0.2092048338260732,0.6773621466284956,-0.023535720914325257,-0.38923089134863376,1.4634445429504224,1.8674182702823803,1.5000314497396736,-1.2454197287073523,99.0
1.1643414414242654,-1.5971279273589483,0.3516828033468211,0.07274677373518958,0.49206014483766086,0.23439856035843062,0.5908937196684716,-0.9403404695095843,0.35248629042581275,119.0
0.25818228284390593,0.1845953956627895,-1.2767139130615515,-0.8223238246732645,-1.0120577539894569,-0.1067023070569681,-1.0548734695527655,0.03026199837364335,0.7662866539463535,55.0
0.20946404851162853,1.4101454161943163,-0.7067750623186209,-0.36230746134780395,-0.04281710319393966,2.800776515198097,-0.5379337755025051,-1.439507452992387,0.4861756386401414,106.0
-1.3592630969877042,-1.8727536347877252,-2.8847556705148194,-0.08059201403996383,-0.18820320081326716,1.0844435791555351,1.6247731077689924,0.33530848827980053,-0.9844071917174726,75.0
1.544343669216029,0.1698297327648191,0.33132784439171653,1.538380303400029,1.6318153545694267,-0.23664549464378676,1.4665262626515658,-0.3441132392384587,0.3142893337931474,178.0
-2.041318377639588,0.8687377766020755,-2.7015610399188774,0.5541592469827645,0.9910395909879454,0.30478445363462386,0.4431966642255402,-0.19158999428538012,-1.1371950182481338,139.0
-0.07310171061558064,-0.6176722884602583,1.2473009973714262,0.12623704854047568,-0.2653834748580953,-0.8376327372328224,0.7702401441348884,0.889938469927359,1.3265086845587777,91.0
1.7099856659457726,-0.30759336760288386,-1.4599085436574932,-1.6710361849171373,-1.5523196723032546,-0.6535465548181629,-0.5379337755025051,0.07185924699721029,1.4029025978241085,54.0
0.5115171013717482,1.5331926070107347,0.657007187673391,0.35802823936338213,0.4023156401343722,-0.07421651016026358,2.173362170842738,1.4029712029513506,-1.4682353090645666,119.0
0.38484969210782694,0.36670523807108846,-0.3403858011267373,-0.03423377587538263,0.1223127854601115,-0.6752037527492992,0.7280409854369081,-0.37184473832083664,2.0458847011406407,93.0
-1.3397758032547933,0.7456905857856572,0.22955304961619327,0.6040835034676982,0.7559089886653293,0.26147005777235116,2.7536006029399696,0.19665099286791077,0.015079840170602819,128.0
-0.14130723868076894,0.7112373723570599,0.7994919003591238,-0.5156462491229575,-0.6279512738593815,-1.6660205580987906,-0.6223320928984661,-1.439507452992387,-0.5578745093193767,43.0
-0.29720558854405676,-0.1845461767864655,0.33132784439171653,1.117590141598445,1.7161751889905177,0.35892744846246494,-0.020994081452244878,1.7496149414810747,-0.4814805960540463,186.0
0.13151487357998462,-0.36173413156210804,1.0437514078203796,-0.32664727814427985,-0.592053471978066,-1.2382908989588464,0.46429624357453037,-0.23318724290894705,-1.544629222329897,67.0
-0.9013116942642966,0.6817060465611198,1.2880109152816352,-1.0327189055740567,-1.0371862153063778,1.744988116055196,1.593123738745507,-0.4827707346503485,0.9891022343035677,79.0
-0.7161824038016422,-0.287905817072257,0.5348774339427631,-0.10555414228243078,0.17436459818801903,-1.5469059694775404,-1.1498215766232216,0.15505374424434384,0.9318067993545699,91.0
0.8915193291635123,0.8982691023980156,2.2039840682613447,-0.9827946490891228,-0.7859016021371694,0.7054426153606477,-0.09484260917371058,-0.5659652318974822,-1.5700938600850072,61.0
1.1351105008248994,0.2338142719893565,0.6366522287182864,1.089061995035626,1.5869431022177822,-0.4207316770584463,0.15835234301417192,0.3075769891974226,1.0463976692525656,183.0
-0.4336166446744334,0.8195189002755081,0.6977171055836006,-0.8330218796343217,-0.5579505601908163,0.12069827121996432,-1.0232241005292801,0.33530848827980053,1.1418900608342288,67.0
-0.9597735754630294,-0.6570473895215121,-1.419198625747284,1.4313997537894567,1.7179700790845833,-0.8592899351639589,0.3376987674805891,-1.439507452992387,-1.786543281003444,192.0
0.6771590981014913,0.509439979418134,-1.6227482152983304,-1.1717936200678005,-0.9707752818259442,1.9994601917460493,1.0234350963227712,-1.439507452992387,0.9954683937423453,83.0
0.4725425139059265,0.5340494175814177,-1.0935192824656095,0.9250251522994148,1.556429970618664,-0.9513330263712887,0.25330045008462815,-0.4689049851091595,-1.4491368307482337,166.0
0.25818228284390593,0.7309249228876871,0.33132784439171653,-0.6190607804131774,-0.5561556700967506,-0.3720029817133894,0.14780255333967704,-0.7600857254741277,-1.1944904531971319,42.0
0.7648519198995906,0.29287692358123746,1.1251712436407983,2.3870926636439016,2.489772819532866,-0.23664549464378676,-0.07374302982472043,-0.3579789887796477,-1.1180965399318012,225.0
-1.213108393990872,0.32733013700983477,0.1888431317059841,0.16189723174399975,0.5351375070952392,-1.0325475186130504,-1.571813163603026,1.0701932139628156,0.0851075939971555,114.0
-0.043870770016214124,0.7998313497448809,-0.8492597750043535,-1.2538120414359057,-1.1646234119850476,0.1261125707027485,0.4220970848765497,0.46010023415050133,1.2182839740995597,72.0
-1.1643901596585946,-0.824391569031841,-0.8289048160492489,-1.0113227956519422,-1.091032918128351,0.49969923501485175,-1.4979646358815604,-1.0374007162979069,1.6511828159364332,64.0
0.8428010948312349,-0.6078285131949447,-1.1545841593309234,0.2225195431899908,0.7559089886653293,-1.0000617217163457,1.3504785762321194,0.8483412213037921,0.3970494064972558,130.0
0.24843863597745033,0.6078777320712687,1.2473009973714262,-1.1432654735049812,-1.1161613794452718,-0.6806180522320834,-0.21089029559315675,2.0685271809284207,0.34612013098703515,127.0
-2.4408078991642626,0.18951728329544634,-0.4218056369471558,-0.8044937330715025,-0.7966709427015641,-1.2545337974071986,-1.571813163603026,-0.011335250249923578,-0.39235436391116074,50.0
0.2679259297103612,0.6374090578672088,0.7791369414040189,-0.651154945296349,-0.39282067153676536,-0.4315602760240145,0.9073874099033249,0.5571604809388239,1.4538318733343287,68.0
-0.7746442850003752,0.8244407879081646,-0.21825604739610904,-0.2517608934168795,0.06128652226187537,1.7341595170896278,-1.47686505653257,-0.06679824841467949,-0.2459326968192768,92.0
-0.32643652914342297,-2.2369733196043238,0.5145224749876586,-1.6710361849171373,-1.5523196723032546,-0.3449314842994689,-1.2342198940191824,0.5294289818564459,-0.9016471190133645,67.0
0.053565698648340695,1.5430363822760482,1.532270422742891,-0.9613985391670085,-0.789491382325301,0.3372702505313286,0.3693481365040741,-1.051266465839096,0.3142893337931474,42.0
-0.47259123214025517,-0.5635315245010342,-1.3377787899268654,-1.4713391589774025,-1.3871897836492033,-0.4261459765412305,0.5803439299939763,1.1811192102923271,-1.6528539327891154,93.0
0.1997204016451729,1.46428618015354,0.005648501110042118,0.16546325006435222,0.1294923458363747,0.4780420370837154,0.5697941403194815,-0.12226124657943539,-0.03584943533961785,91.0
-0.9402862817301184,-0.24853071601100327,1.023396448865275,-0.693947165140578,-0.7679527011965117,-1.2870195943039033,-0.09484260917371058,-1.439507452992387,0.47980947920136374,50.0
0.7063900387008579,2.079522134235632,0.22955304961619327,-0.668985036898111,-0.5094885276510405,-1.0866905134408913,-1.571813163603026,-0.8571459722624505,-0.2522988562580544,47.0
-0.5797713476712656,0.6029558444386116,1.186236120506112,1.520550211798267,0.8025761311110393,0.6512996205328065,0.7807899338093837,-0.1499927456618132,0.6516957840483578,153.0
1.2228033226229984,-0.642281726623542,-0.8492597750043535,-0.4336278277548521,-0.09486891592184692,-0.9405044274057206,0.29549960878260845,-1.439507452992387,1.4474657138955516,93.0
-0.29720558854405676,-1.173845590950469,0.9012666951346471,-0.005705629312563223,-0.4197440229477518,-0.3503457837822529,1.403227524604595,-1.2037897107921744,2.3323618758856304,73.0
-0.5213094664725326,-0.1353273004598982,-0.5235804317226791,-0.8080597513918549,-0.663849075740697,0.624228123118886,-1.086522838576251,-1.439507452992387,1.3074102062424453,58.0
-0.28746194167760114,-0.5881409626643178,2.631438206318543,-1.6710361849171373,-1.5523196723032546,-0.030902114297990686,1.6247731077689924,2.2903791735874446,-1.0862657427379134,129.0
-0.21925641361241285,1.0557695066430313,-1.6227482152983304,0.2332175981510479,-0.2779477055165558,-0.6318893568870263,-0.7489295689924075,1.3475082047865945,1.3583394817526655,96.0
0.014591111182518907,-0.1845461767864655,0.473812557077449,-0.7973616964307977,-0.6997468776220124,0.9490860920859324,-0.5379337755025051,-1.051266465839096,-0.004018638145730101,51.0
-0.384898410342156,-0.2977495923375706,-0.9103246518696675,-1.6175459101118512,-1.4966780793872156,-0.7997326408533337,-0.516834196153515,0.5155632323152569,-0.13770798636005874,78.0
0.2679259297103612,-0.6668911647868256,-0.11648125262058576,0.5256311004199454,0.32154558590141247,-1.6660205580987906,-1.45576547718358,-1.023534966756718,0.2124307827727065,97.0
-0.950029928596574,-1.547909051032381,-1.5006184615677025,-1.6710361849171373,-1.5523196723032546,-0.4640460729207192,1.0761840446952469,-1.439507452992387,-1.035336467227693,35.0
0.8622883885641454,0.5980339568059551,0.43310263916723984,1.1568163431223213,1.1669388202063913,-0.18791679929872968,0.5275949816215008,0.87607272038617,-1.0671672644215808,162.0
-2.206960374369331,-0.1451710757252118,-0.4828705138124697,-0.9792286307687705,-1.0533402261529696,0.570085128291045,-1.3924667391366092,-0.99580346767434,-0.39235436391116074,57.0
-0.12181994494785804,-1.252595793072977,-0.4218056369471558,-0.8151917880325598,-0.9743650620140756,1.3497442538119566,-0.3796869303850785,-0.10839549703824641,0.23789542052781706,67.0
0.6966463918344026,-0.3764997944600781,2.387178698857287,-1.6710361849171373,-1.5523196723032546,1.9020028010559356,1.8252191115844,-0.025200999791112556,0.07874143455837831,74.0
0.08279663924770721,-0.642281726623542,1.4304956279673677,-0.8686820628378459,-0.6961570974338809,-1.6227061622365178,-0.06319324015022516,-0.8987432208860173,0.320655493231925,49.0
-0.706438756935187,-0.08610842413333085,-0.6660651444084117,-1.6710361849171373,-1.5523196723032546,0.09904107328882797,0.43264687455104495,-0.06679824841467949,1.0718623070076756,64.0
-0.0341271231497585,0.32733013700983477,0.29061792648150736,0.17259528670505714,-0.308460837115674,-0.4694603724035032,0.22165108106114273,-0.8155487236388836,-1.0417026266664704,86.0
-0.20951276674595723,-1.4839245118078435,2.1836291093062408,-0.7438714216255116,-0.6297461639534473,-1.0650333155097549,0.8546384615308493,-0.4134419869444036,-1.2645182070236847,58.0
-0.4336166446744334,1.1788166974594496,-2.1723321070861563,1.1033260683170352,1.7287394196489785,-0.38824588016174155,0.052854446269221006,0.5155632323152569,0.17423382614004157,179.0
-0.9597735754630294,1.2772544501125842,0.5755873518529723,1.695285109495535,0.6428309127391856,1.338915654846388,0.1267029739906869,-1.439507452992387,0.8681452049667944,148.0
-0.384898410342156,0.1304546317035654,0.14813321379577457,0.2795758363156293,-0.005124411218558274,0.25605575828956695,-0.8544274657373586,-0.09452974749705743,-0.5324098715642666,91.0
1.3202397912875532,-0.863766670093095,-2.1519771481310515,0.03708659053166551,0.3735973986293197,-0.7022752501632198,-1.3080684217406482,1.305910956163028,1.549324264915992,114.0
1.5638309629489404,1.1738948098267932,0.5145224749876586,-0.5762685605689485,-0.3461535290910551,-0.3774172811961734,2.2788600675876896,0.6680864772683357,1.3456071628751105,79.0
0.0340784049154298,0.789987574479568,1.8579497660245659,0.06918075541483712,0.5225732764367788,-0.32327428636833233,-0.5484835651770004,-1.009669217215529,0.3397539715482575,110.0
-0.37515476347570037,0.45529921545890956,0.33132784439171653,-0.06632794075855425,0.2174419604455974,1.9236599989870715,0.6647422473899373,1.4722999506572958,-0.31596045064582995,107.0
-0.0341271231497585,0.051704429581057566,1.267655956326531,-0.6368908720149393,-0.821799404018485,0.8949430972580913,-0.5484835651770004,0.7928782231390364,-0.48784675549282397,78.0
0.053565698648340695,0.3519395751731184,0.3516828033468211,0.36872629432443954,0.7900119004525791,1.1331722745005923,-0.32693798201260293,0.07185924699721029,0.7344558567524657,134.0
-0.35566746974278945,0.051704429581057566,-0.5642903496328884,0.004992425648493897,-0.4053849021952257,-0.6697894532665153,0.06340423594371608,-0.4966364841915373,-0.6660992197785952,75.0
-0.6966951100687313,0.5045180917854769,0.33132784439171653,-1.5711876719472702,-1.4733445081643604,1.2035581677767855,1.8146693219099048,1.7634806910222638,0.11057223175226606,115.0
-1.3300321563883377,1.5479582699087047,-0.6050002675430975,0.953553298862234,0.6033433306697386,0.9436717926031486,0.3060493984571037,0.14118799470315485,-0.08677871084983807,117.0
1.8366530752096935,-0.19438995205177914,1.7968848891592517,-0.7260413300237496,-0.8020556129837615,-0.4423888749895826,1.6353228974434875,-0.7323542263917497,1.466564192211884,65.0
1.5248563754831186,-1.346111658093455,-0.38109571903694645,0.3009719462377436,0.7128316264077509,-0.4694603724035032,-1.381916949462114,1.5554944479044295,0.403415565936033,135.0
-0.9792608691959404,1.3609265398677488,0.5145224749876586,1.3030230942567702,1.9010488686792926,1.7125023191584914,0.29549960878260845,-0.37184473832083664,-1.0098718294725828,193.0
-0.0341271231497585,-0.8293134566644977,-2.1723321070861563,0.9499872805418818,1.075399425409037,-0.11753090602253627,-0.516834196153515,1.1811192102923271,0.8936098427219045,146.0
-1.9049073215092112,1.8678809660313924,0.7384270234938097,0.7538562729224993,1.2871964565087979,-0.7239324480943563,-0.126491978197196,-1.2869842080393084,-0.6088037848295973,159.0
0.13151487357998462,0.08615764300965485,-0.4625155548573651,0.051350663813075084,0.1941083892227424,1.230629665190706,0.32714897780609387,0.32144273873861157,0.3970494064972558,98.0
1.7294729596786838,-0.3961873449907053,-2.945820547380133,0.49353693553677375,0.2820580038319654,0.2019127634617259,-0.6750810412709416,-0.8016829740976946,1.9058291934875353,104.0
-0.11207629808140242,-0.12548352519458492,-1.0120994466451907,0.9250251522994148,0.06128652226187537,-0.4044887786100939,-0.432435878757554,-0.39957623740321463,0.05327679680326775,119.0
-0.5407967602054439,-0.0024363343781665745,-0.11648125262058576,-1.0220208506129993,-0.8971847879692474,-0.07963080964304757,-0.7172801999689221,-1.384044454827631,-1.2581520475849073,37.0
0.7843392136325018,-0.5487658616030637,-0.014706457845062467,0.29383990959703893,-0.11461270695657057,1.9778029938149126,0.8018895131583738,1.7496149414810747,1.390170278946553,107.0
-0.7649006381339196,1.7743651010109147,1.4101406690122635,-1.1717936200678005,-0.986929292672536,-1.6660205580987906,-0.09484260917371058,-0.4827707346503485,1.9885892661916431,73.0
1.2617779100888202,-1.346111658093455,-1.3174238309717605,0.8893649690958907,0.04692740150934899,1.268529761570195,0.49594561259801573,-0.21932149336775808,1.2501147712934473,120.0
1.7684475471445056,-1.1246267146239017,0.046358419020251285,0.9856474637454058,1.4451467847865862,-0.6427179558525947,-0.052643450475730096,-0.4966364841915373,-0.8252532057480338,161.0
-0.7746442850003752,2.212413100317364,-0.19790108844100446,0.19755741494752382,0.28026311373789947,0.7108569148434318,1.7935697425609143,0.6126234791035797,-1.4173060335543461,103.0
0.39459333897428256,0.8441283384387918,2.0411443966205076,0.05491668213342755,0.025388720380559917,0.0936267738060438,-0.32693798201260293,0.5432947313976348,0.11057223175226606,90.0
-0.7649006381339196,-0.214077502582406,1.3287208331918445,0.6147815584287553,0.285647784020097,-0.9513330263712887,-0.6539814619219515,-0.4411734860267815,-1.0608011049828032,117.0
1.4566508474179298,-0.4650937718478995,0.24990800857129786,-0.9507004842059512,-0.6782081964932231,0.2939558546690559,-0.2636392439656323,-1.2592527089569303,-0.40508668278871557,51.0
1.5248563754831186,-1.990878937971487,-0.07577133471037659,0.286707872956334,0.6410360226451199,-0.6968609506804357,-1.571813163603026,1.264313707539461,-1.2517858881461297,122.0
0.1022839329806181,0.273189373050611,-2.294461860816784,-0.3123832048628703,-0.6512848450822365,0.5267707324287723,-1.571813163603026,1.5277629488220517,-0.2713973345743869,110.0
0.5992099231698478,-0.17470240152115227,0.473812557077449,-0.46572199263802394,-0.7446191299736568,0.15318406811666904,0.6647422473899373,-0.635293979603427,-1.232687409829797,56.0
-1.047466397261129,-0.8736104453584083,0.1888431317059841,-1.1468314918253335,-1.1879569832079027,-0.9784045237852093,1.0234350963227712,0.43236873506812334,-0.5833391470744872,69.0
0.9499812103622453,-0.2780620418069434,-0.07577133471037659,-0.6047967071317678,-0.6566695153644339,-1.6660205580987906,1.3715781555811095,-1.439507452992387,0.46707716032380847,58.0
-0.5602840539383547,-1.7398626687059935,0.5755873518529723,-1.6710361849171373,-1.5523196723032546,0.819142904499114,-0.6223320928984661,-0.17772424474419116,0.12967071006859854,66.0
-0.0341271231497585,-0.41095300788867534,-1.1545841593309234,0.3009719462377436,0.7936016806407103,-1.0325475186130504,-1.45576547718358,-0.4134419869444036,1.4092687572628857,135.0
0.21920769537808382,-0.4700156594805563,1.023396448865275,0.7502902546021472,1.3374533791426397,-1.1029334118892438,-0.1581413472206812,1.652554694692752,-2.2831037172280926,153.0
-0.07310171061558064,2.1533504487254826,-1.174939118286028,1.2317027278497221,1.3877103017764816,0.402241844324738,-0.4535354581065444,-0.3441132392384587,0.8872436832831269,163.0
-1.4274686250528925,0.4159241143976558,1.4304956279673677,-1.1539635284660383,-0.9223132492861682,-0.20415969774708204,-0.21089029559315675,-0.24705299245013604,0.027812159048157648,48.0
-1.1254155721927726,0.12061085643825177,-0.5235804317226791,1.4420978087505139,2.240283096457724,-1.4927629746496993,-0.24253966461664217,-0.5798309814386712,-0.5196775526867117,206.0
0.33613145777554954,0.45529921545890956,-1.174939118286028,1.3743434606638185,0.39334118966404336,-0.4911175703346397,-1.571813163603026,-0.274784491532514,-0.5706068281969319,136.0
-0.8818244005313856,-0.5586096368683774,-0.3200308421716323,0.18329334166611425,0.29462223449042585,0.0015836825987140264,1.3399287865576246,-1.0928637144626627,-1.105364221054246,104.0
-0.628489582003543,-0.39126545735804846,0.27026296752640244,0.8608368225330716,1.3051453574494556,0.08279817484047543,-1.45576547718358,-1.439507452992387,0.1678676667012639,158.0
0.5992099231698478,1.1837385850921067,-0.8696147339594583,1.1425522698409118,1.9172028795258846,0.515942133463204,-1.1181722075997365,-1.065132215380285,0.3142893337931474,197.0
0.8233138010983236,1.5578020451740182,-1.5006184615677025,0.7253281263596802,0.883346185343999,0.10445537277161215,-0.3374877716870982,0.14118799470315485,-0.7552254519214807,135.0
0.13151487357998462,0.21904860909138646,-1.419198625747284,0.02638853557060839,0.08462009348473037,1.7341595170896278,-0.126491978197196,0.016396248832454375,1.8230691207834264,96.0
-0.2777182948111455,-1.0360327372360807,-0.014706457845062467,0.14763315846259017,-0.26717836495216124,-1.5631488679258927,0.29549960878260845,-0.17772424474419116,0.1424030289461538,81.0
0.02433475804897418,-2.1040823535225917,-0.11648125262058576,-1.300170279600487,-1.1305205001977978,1.3768157512258772,0.3165991881315986,-0.8016829740976946,0.4097817253748106,73.0
-0.833106166199108,-0.027045772541450245,-0.21825604739610904,0.3152360195191534,0.7630885490415925,-0.7455896460254926,0.4853958229235205,0.5710262304800128,0.09783991287471078,131.0
1.5248563754831186,-0.41587489552133217,1.2880109152816352,-1.4677731406570502,-1.3728306628966773,0.18025556553058958,-0.010444291777749618,-1.051266465839096,0.2951908554768149,43.0
-0.42387299780797777,-1.1049391640932749,0.7791369414040189,-0.39083560791062333,-0.09666380601591285,0.28854155518627167,0.34824855715508396,-0.7462199759329388,0.4607110008850313,80.0
1.2228033226229984,0.287955035948581,-1.785587886939168,0.44717869737219235,0.8671921744974075,-0.8105612398189019,0.24275066041013288,-0.21932149336775808,0.365218609303368,133.0
0.7551082730331357,0.22889238435670006,0.7994919003591238,1.3921735522655805,1.516942388549217,-0.6481322553353787,0.822989092507364,1.5277629488220517,0.747188175630021,175.0
0.5504916888375704,1.3560046522350924,0.9012666951346471,-1.5711876719472702,-1.4553956072237026,1.019471985362126,1.097283624044237,0.6264892286447687,0.11057223175226606,79.0
1.3494707318869195,-0.9179074340523188,0.08706833693046082,0.7467242362817944,0.578214869352818,-0.3395171848166847,-1.0970726282507461,-1.439507452992387,2.0904478172120835,111.0
-0.384898410342156,0.3420957999078048,0.06671337797535587,-0.6226267987335298,-0.8487227554294715,-0.19333109878151386,-0.1897907162441666,1.6941519433163188,-0.20773574018661142,109.0
-0.3361801760098786,0.8195189002755081,0.005648501110042118,-0.38726958959027086,-0.473590725769725,-1.1408335082687324,0.13725276366518177,-1.439507452992387,0.027812159048157648,64.0
-1.417724978186437,-0.23376505311303286,-0.11648125262058576,-0.2374968201354697,0.24616020195064992,0.2831272557034875,0.3798979261785694,-0.21932149336775808,-0.22683421850294433,100.0
-0.7941315787332861,0.34701768754046197,-0.9510345697798768,-0.46572199263802394,-0.3353841885266606,-1.1300049093031643,0.538144771295996,-1.439507452992387,0.6898927406810227,66.0
-0.6479768757364539,0.7112373723570599,-1.643103174253435,-0.6083627254521201,-0.8397483049591427,-0.4857032708518555,-0.8438776760628633,-1.439507452992387,-0.2204680590641667,46.0
1.1838287351571768,1.0557695066430313,-0.8289048160492489,1.0569678301524539,0.10436388451945378,1.0952721781211034,0.3060493984571037,-0.09452974749705743,-1.2008566126359093,129.0
1.7392166065451387,-0.972048198011543,-0.4625155548573651,0.3223680561598581,-0.10025358620404419,-1.6660205580987906,0.9284869892523151,0.6264892286447687,-0.36688972615605014,96.0
0.21920769537808382,1.4003016409290026,0.14813321379577457,1.9306423186387938,2.868494629380744,-0.9134329299918,1.5192752110240413,0.14118799470315485,0.6771604218034679,251.0
0.8525447416976905,1.321551438806495,-0.9306796108247722,1.5776065049239052,1.2351446437808908,1.8478598062280944,0.1267029739906869,-0.4134419869444036,0.07874143455837831,152.0
-0.21925641361241285,-1.1344704898892153,2.387178698857287,-0.30525116822216564,-0.11461270695657057,-0.4261459765412305,-0.24253966461664217,-0.38571048786202566,0.008713680731825178,73.0
-2.3141404899003413,0.5881901815406415,0.657007187673391,-0.24819487509652705,-0.24743457391743762,-0.4207316770584463,-0.5484835651770004,1.5693601974456182,0.2569938988441495,102.0
1.7392166065451387,-0.7604070298073036,-1.0324544056002956,-1.5497915620251557,-1.4679598378821632,-0.507360468782992,1.9412667980038456,-0.260918741991325,0.09147375343593314,42.0
-0.28746194167760114,-0.4700156594805563,-0.238611006351214,-0.6582869819370538,-0.8630818761819978,1.1169293760522399,0.40099750552755953,1.3613739543277839,0.8808775238443491,104.0
-0.0341271231497585,-0.2583744912763165,0.14813321379577457,0.8287426576498997,0.08820987367286197,0.0124122815642822,0.49594561259801573,-0.33024748969726975,1.3456071628751105,114.0
-0.07310171061558064,-0.3223590305008543,-0.767839939183935,-0.6440229086556442,-0.9043643483455105,1.3280870558808198,1.1922317311146928,-0.5659652318974822,-0.03584943533961785,76.0
2.236142596734368,-0.40110923262336173,0.3923927212570307,-0.6154947620928248,-0.5776943512255399,0.2073270629445101,1.0550844653462563,0.9592672176333039,1.084594625885231,90.0
-1.9536255558414886,0.37654901333640206,0.31097288543661195,0.4436126790518399,0.4543674528622795,0.5267707324287723,0.3376987674805891,-0.8571459722624505,-1.3536444391665705,115.0
1.2715215569552758,-0.16978051388849547,-0.1368362115756907,-0.5334763407247196,-0.22051122250645103,-1.6660205580987906,0.13725276366518177,-1.1621924621686077,-0.048581754217172674,71.0
-0.3166928822769677,0.7112373723570599,0.473812557077449,1.206740599607255,0.8402688230864209,-1.6660205580987906,0.8335388821818592,-0.260918741991325,-0.5769729876357096,132.0
0.3166441640426386,-1.1000172764606182,1.186236120506112,-1.6710361849171373,-1.5523196723032546,-0.7185181486115721,-1.202570524995697,-0.8987432208860173,-0.11860950804372582,40.0
0.13151487357998462,0.3519395751731184,-0.5439353906777836,-0.5655705056078912,-0.7051315479042097,-1.4061341829251535,-0.32693798201260293,-1.009669217215529,0.7089912189973556,57.0
0.44331157330655996,-0.9769700856441997,-1.0935192824656095,-0.14121432548595483,-0.5705147908492767,-1.6660205580987906,0.4537464539000351,-0.23318724290894705,-0.7870562491153685,75.0
-0.19002547301304634,-2.4289269372779363,-0.6050002675430975,-0.6047967071317678,-0.8756461068404581,-0.6318893568870263,-0.7172801999689221,0.3491742378209895,0.07874143455837831,69.0
1.144854147691355,-0.2928277047049138,0.9419766130448562,0.696799979796861,0.7989863509229079,-1.6660205580987906,-0.50628440647902,2.5260969157876567,0.2060646233339293,150.0
-1.5346487405839029,-0.4404843336846158,1.0844613257305886,-0.23393080181511747,-0.037432432911742135,-0.8809471330950953,0.8862878305543348,-1.439507452992387,-0.16953878355394647,89.0
-0.07310171061558064,-0.5340001987050937,2.0004344787102983,-1.2466800047952011,-1.0838533577520877,0.11528397173718014,0.812439302832869,-1.439507452992387,0.2951908554768149,49.0
-0.443360291540889,-0.7407194792766767,-0.1571911705307953,-0.34804338806639434,0.0989792142372565,-0.5236033672313443,-0.9493755728078145,0.002530499291265399,-2.607777848605748,91.0
-0.5018221727396217,1.7153024494190339,0.16848817275087916,-1.2324159315137915,-1.1735978624553767,-1.6660205580987906,-1.571813163603026,-1.2869842080393084,-0.7615916113602584,30.0
0.8915193291635123,0.11076708117293851,0.7384270234938097,0.7716863645242614,0.8869359655321309,-0.5723320625764013,0.8546384615308493,-1.411775953910009,0.8490467266504614,139.0
0.9207502697628784,0.6718622712958061,-0.5032254727675743,-1.4856032322588122,-1.3333430808272302,0.9057716962236597,1.1078334137187318,0.5571604809388239,-0.2459326968192768,69.0
-0.0828453574820359,1.2969420006432115,0.1074232958855654,0.953553298862234,1.2118110725580358,-1.0921048129236754,1.2555304691616636,-1.342447206204064,0.15513534782370864,148.0
-0.384898410342156,-0.4552499965825859,-0.5642903496328884,-0.6368908720149393,-0.6943622073398151,-1.4711057767185627,-1.571813163603026,-1.439507452992387,-2.0602881368708785,41.0
-1.135159219059228,0.11076708117293851,-0.6050002675430975,-1.6710361849171373,-1.5523196723032546,-1.6660205580987906,-1.3924667391366092,1.222716458915894,1.6766474536915428,93.0
0.872032035430601,-1.1246267146239017,-0.238611006351214,-0.7153432750626924,-0.3587177597495156,-0.01465921584963833,0.6647422473899373,0.7096837258919025,1.339241003436333,81.0
1.1935723820236324,-0.6570473895215121,0.8605567772244376,-1.6710361849171373,-1.5523196723032546,-0.0038306168840701567,0.7174911957624128,-1.2176554603333634,0.3397539715482575,49.0
0.8622883885641454,-0.08610842413333085,-1.0324544056002956,-0.21610071021335545,-0.10743314658030738,1.0140576858793418,-1.202570524995697,-0.28865024107370296,-1.022604148350138,84.0
-0.443360291540889,-0.10087408703130125,-0.6050002675430975,0.9927795003861107,1.1795030508648516,-0.1446024034364568,0.3798979261785694,0.5016974827740679,-0.6279022631459298,159.0
0.004847464316063286,0.4257678896629694,-0.8085498570941442,1.039137738550692,1.6856620573913998,0.7974857065679776,1.7302710045139433,2.678620160740736,-0.2586650156968321,186.0
0.5602353357040256,2.3403821787664394,-0.40145067799205103,-0.5156462491229575,-0.6117972630127896,-1.6660205580987906,-0.50628440647902,0.26597974057385565,-0.9462102350848073,67.0
-0.6772078163358204,1.9170998423579597,0.7791369414040189,0.6397436866712223,0.5800097594468836,-0.19333109878151386,1.6247731077689924,0.7374152249742806,-0.1568064646763912,116.0
1.2033160288900873,-1.5725184891956647,0.14813321379577457,0.5684233202641741,0.21923685053966332,-0.7185181486115721,-0.3902367200595737,-0.5105022337327263,1.2692132496097799,112.0
0.25818228284390593,0.8145970126428517,-0.9306796108247722,-0.7224753117033971,-0.6010279224483949,-1.1624907061998688,-0.8227780967138733,-0.5798309814386712,0.8490467266504614,50.0
-0.7356696975345535,1.316629551173838,-1.1545841593309234,-1.396452774250002,-1.232829235559547,0.6296424226016702,-0.7911287276903878,-0.7739514750153167,1.1673546985893388,61.0
1.2715215569552758,0.6915498218264333,0.29061792648150736,-0.8080597513918549,-1.0012884134250621,-1.0866905134408913,1.5298250006985363,-1.3563129557452531,0.6516957840483578,44.0
-0.0341271231497585,-0.1796242891538087,-2.599786245143354,0.6504417416322794,1.0377067334336558,0.19108416449615753,-1.3608173701131239,-0.3163817401560808,-1.2390535692685747,148.0
0.04382205178188507,1.1985042479900767,0.9012666951346471,-0.10555414228243078,0.3305200363717413,1.9399028974354235,3.3338390350372005,1.222716458915894,0.3843170876197005,114.0
1.0181867384274332,0.051704429581057566,1.0641063667754842,1.6025686331663722,1.2387344239690223,0.41848474277309017,-0.5484835651770004,1.3613739543277839,0.2888246960380373,149.0
-0.911055341130752,0.38639278860171566,-0.11648125262058576,1.0355717202303398,1.619251123910966,-0.8592899351639589,-0.6434316722474562,0.5848919800212018,1.4856626705282163,180.0
1.6417801378805839,-0.2239212778477196,-0.44216059590226037,0.46500878897395437,-0.1217922673328335,1.3605728527775245,-1.571813163603026,1.7218834423986966,0.3333878121094803,117.0
-1.3300321563883377,-0.012280109643479833,0.2091980906610887,0.16902926838470467,0.007439819439902188,-0.6048178594731058,-0.35858735103608835,0.9592672176333039,-1.3409121202890155,85.0
-2.090036611971865,-0.7948602432359004,-0.8085498570941442,0.4757068439350117,0.7397549778187374,0.3372702505313286,-0.7278299896434172,0.36303998736217846,-0.5769729876357096,124.0
1.4566508474179298,0.5242056423161041,-2.192687066041261,2.4191868285270735,1.25668332490968,-0.1446024034364568,0.5486945609704913,-0.6768912282269939,0.06600911568082303,182.0
-0.8623371067984746,-1.7792377697672477,-0.6864201033635163,-0.30525116822216564,-0.6620541856466312,0.6512996205328065,-1.0654232592272608,1.0563274644216267,-0.5578745093193767,87.0
0.34587510464200516,0.2781112606832674,-1.297068872016656,0.514933045458888,0.4346236618275561,0.49428493553206754,-1.0759730489017558,0.7096837258919025,0.7662866539463535,110.0
2.265373537333735,0.46514299072422316,-0.09612629366548117,-0.12695025220454526,-0.42871847341808067,-1.3574054875800967,-0.7805789380158927,-0.19158999428538012,0.3333878121094803,70.0
-1.2715702751896047,0.10092330590762491,-0.5642903496328884,1.3244192041788845,1.6838671672973342,-0.3395171848166847,-1.4030165288111043,-1.439507452992387,-1.3090813230951277,188.0
-1.9731128495743995,0.3076425864792075,1.0030414899101703,-0.7153432750626924,-0.9061592384395764,-0.19333109878151386,-1.0337738902037754,-0.5659652318974822,-0.29686197232949746,43.0
-0.3361801760098786,-0.5143126481744669,0.046358419020251285,0.012124462289198812,0.17256970809395308,-0.7943183413705496,1.4348768936280805,-0.9680719685919621,0.19969846389515167,97.0
-1.3105448626554268,-0.23868694074568966,1.023396448865275,0.23678361647140037,0.4956499250257922,1.4580302434676387,1.0761840446952469,1.3475082047865945,-0.3732558855948278,119.0
-0.3654111166092451,-1.7300188934406802,0.06671337797535587,0.10127492029800898,0.012824489722099455,1.8803456031247987,1.1394827827422174,-1.439507452992387,-0.46874827717649103,83.0
1.0376740321603444,0.007407440887147033,0.27026296752640244,1.7238132560583541,0.7020622858433561,0.22898426087564644,-0.3796869303850785,-0.260918741991325,0.6644281029259126,160.0
0.5115171013717482,0.1255327440709086,1.1048162846856937,-0.5156462491229575,-0.13076671780316237,0.36975604742803325,1.1394827827422174,1.5693601974456182,0.6835265812422455,114.0
0.34587510464200516,-0.02212388490879344,-1.2563589541064466,-1.6710361849171373,-1.5523196723032546,0.055726677426555085,-1.1076224179252412,0.5571604809388239,-0.004018638145730101,66.0
1.602805550414762,0.14522029460153543,-0.5032254727675743,-1.139699455184629,-1.1394949506681267,-0.3774172811961734,-0.3902367200595737,-1.1760582117097966,0.95727143710968,67.0
-0.19976911987950197,-0.7800945803379304,0.005648501110042118,0.5862534118659362,0.2820580038319654,-1.6497776596504383,-1.276419052717163,-1.009669217215529,-0.39235436391116074,109.0
-0.2679746479446903,0.4700648783568803,-1.0324544056002956,-0.6404568903352919,-0.703336657810144,-0.9026043310262316,-0.8544274657373586,1.0424617148804378,0.6007665085381371,88.0
1.0766486196261662,0.4503773278262531,0.1888431317059841,0.3544622210430297,0.9856549207057484,0.505113534497636,-1.3608173701131239,-0.16385849520300216,0.7535543350687982,132.0
-1.5443923874503582,0.21904860909138646,0.7791369414040189,1.452795863711571,2.1415641412841064,1.0952721781211034,-1.2131203146701923,0.8067439726802255,0.7535543350687982,215.0
0.4043369858407382,-0.6078285131949447,1.0030414899101703,-0.7117772567423399,-0.5274374285916982,-0.13377380447088863,-0.5590333548514955,-1.2869842080393084,-0.20136958074783423,64.0
0.014591111182518907,1.966318718684527,-0.8289048160492489,0.8323086759702525,0.41129009060470106,-0.8105612398189019,-1.571813163603026,-1.439507452992387,0.8872436832831269,112.0
-0.13156359181431332,-1.8235347584611579,2.0004344787102983,-0.023535720914325257,-0.41435935266555457,0.2073270629445101,0.19000171203765734,-0.45503923556797055,-0.9589425539623625,75.0
0.6966463918344026,1.9860062692151543,0.49416751603255393,-0.3195152415035752,-0.6369257243297104,-0.6860323517148674,-0.6856308309454368,0.39077148644455645,0.912708321038237,72.0
-1.865932734043389,-0.08118653650067403,0.1074232958855654,1.7737375125432875,1.265657775380009,1.5554876341577524,0.00010549789674545484,-1.3285814566628753,0.5052741169564738,164.0
-0.8818244005313856,2.010615707378438,0.9623315719999609,-0.1483463621266595,-0.09486891592184692,-0.5290176667141284,2.2788600675876896,0.4185029855269344,-1.105364221054246,83.0
1.2520342632223647,-0.9080636587870056,0.12777825484066999,-1.464207122336698,-1.3225737402628357,-0.301617088437196,-0.32693798201260293,1.9991984332224761,0.7726528133851311,121.0
0.8817756822970566,0.789987574479568,0.9623315719999609,1.0961940316763303,1.6156613437228347,1.4526159439848545,-1.086522838576251,-0.8571459722624505,-0.6342684225847074,176.0
0.6186972169027587,-0.972048198011543,-0.21825604739610904,-1.3679246276871828,-1.3135992897925068,1.495930339847127,-1.571813163603026,0.002530499291265399,1.428367235579219,65.0
1.8463967220761492,0.6866279341937762,1.0030414899101703,1.8486238972706885,1.1202716777606814,-0.11753090602253627,-1.3924667391366092,0.5294289818564459,1.001834553181123,172.0
-0.22900006047886814,0.72600303525503,-0.5439353906777836,1.2602308744125412,0.7343703075365402,0.19108416449615753,1.2555304691616636,-0.5105022337327263,0.403415565936033,128.0
-0.6090022882706321,-0.2928277047049138,-2.009492435445319,0.8964970057365956,0.24974998213878152,-1.6443633601676544,-1.571813163603026,-0.4966364841915373,-0.8316193651868116,117.0
0.44331157330655996,-0.2682182665416301,0.6162972697631818,-0.3516094063867468,-0.7392344596914595,0.14235546915110067,-0.7594793586669025,-0.6907569777681828,-1.7547124838095562,53.0
1.602805550414762,0.04186065431574431,-1.5006184615677025,0.2546137080731624,-0.3587177597495156,0.6729568184639433,0.052854446269221006,1.2088507093747052,0.7599204945075758,94.0
-0.14130723868076894,2.7193675264810073,1.7968848891592517,0.6754038698747463,0.35564849768866197,0.927428894154796,-1.4241161081600944,0.7374152249742806,-1.487333787380899,114.0
-0.30694923541051206,0.4503773278262531,0.9419766130448562,1.3065891125771225,0.8294994825220259,-0.9134329299918,0.3798979261785694,0.14118799470315485,-0.39235436391116074,141.0
2.2946044779331016,-0.10579597466395771,-1.236003995151342,0.7574222912428515,0.05949163216780945,1.0086433863965576,0.34824855715508396,-0.5936967309798601,2.0331523822630864,114.0
-0.9695172223294849,0.43068977729562585,0.046358419020251285,-0.012837665953268138,0.04333762132121764,2.0102887907116176,-0.16869113689517629,-1.39791020436882,0.30155701491559256,92.0
-0.384898410342156,-0.1845461767864655,-2.050202353355528,-0.825889842993617,-0.8720563266523267,0.19649846397894172,-0.611782303223971,-0.274784491532514,-1.544629222329897,37.0
0.04382205178188507,-0.9868138609095134,1.1658811615510074,0.696799979796861,0.43282877173349016,-1.5902203653398133,0.4115472952020548,0.44623448460931237,-0.3541574072784953,113.0
0.5602353357040256,-0.7997821308685573,-0.19790108844100446,-0.08415803236031628,-0.5166680880273036,0.37517034691081746,-0.09484260917371058,-0.4689049851091595,-0.6533669009010401,70.0
0.32638781090909424,1.4003016409290026,0.9216216540897517,1.7559074209415255,0.7792425598881845,-0.7293467475771402,-1.381916949462114,1.5554944479044295,1.3265086845587777,158.0
-0.043870770016214124,0.32240824937717827,-1.5616833384330164,1.1033260683170352,0.9533468990125643,1.7612310145035484,1.4770760523260607,-0.21932149336775808,-0.09951102972739334,136.0
-0.5115658196060773,0.7456905857856572,-0.38109571903694645,-0.5406083773654244,-0.38923089134863376,-1.6660205580987906,-1.2658692630426678,0.820609722221414,0.17423382614004157,81.0
-0.8233625193326527,-1.1541580404198422,-0.09612629366548117,0.935723207260472,0.05590185197967785,0.310198753117408,-1.571813163603026,2.3874394203757667,-0.13770798636005874,134.0
-2.3238841367667966,-0.5979847379296311,1.3083658742367403,-1.3108683345615442,-1.1825723129257055,1.0898578786383193,-1.2236701043446876,-1.439507452992387,-1.487333787380899,62.0
0.9499812103622453,-0.2682182665416301,0.5348774339427631,1.074797921754216,0.7379600877246716,-0.052559312229127034,-1.2869688423916579,3.0945926469764045,-0.08677871084983807,168.0
-0.950029928596574,-1.6906437923794262,-0.5642903496328884,-0.03779979419573509,0.05590185197967785,0.8029000060507617,0.6330928783664519,-1.439507452992387,0.09147375343593314,93.0
-0.043870770016214124,-0.6570473895215121,-1.7245230100738538,-0.34804338806639434,0.03256828075682285,-0.6481322553353787,-1.0970726282507461,1.1533877112099495,-1.5127984251360094,96.0
0.25818228284390593,0.31748636174452116,1.7561749712490426,1.2816269843346555,0.894115525908394,-0.32868858585111654,-1.2131203146701923,0.33530848827980053,0.7344558567524657,133.0
1.0863922664926218,-1.725097005808023,0.9216216540897517,-0.10198812396207832,0.18333904865834788,0.6729568184639433,0.7596903544603936,1.0424617148804378,1.9058291934875353,98.0
0.02433475804897418,-1.798925320297874,0.29061792648150736,-1.6710361849171373,-1.5523196723032546,0.0124122815642822,0.9495865686013052,-0.17772424474419116,0.3333878121094803,44.0
0.4530552201730156,-2.9014281500129826,1.023396448865275,-0.0698939590789067,0.285647784020097,-0.5344319661969126,-1.4979646358815604,-1.2176554603333634,0.4225140442523659,100.0
-1.1156719253263172,-1.2575176807056336,2.692503083183857,1.2210046728886645,1.5869431022177822,-0.707689549646004,-0.2319898749421471,0.5294289818564459,-0.8698163218194767,176.0
0.6089535700363031,0.7309249228876871,-1.6838130921636445,0.7574222912428515,0.9138593169431175,1.2956012589841155,-0.3374877716870982,-0.7046227273093718,0.95727143710968,128.0
2.27511718420019,-0.10579597466395771,0.005648501110042118,0.38655638592620156,-0.18461342062513555,-0.7510039455082769,-0.8966266244353389,-1.439507452992387,2.7270637610898385,101.0
0.5797226294369365,0.9081128776633293,-0.5235804317226791,-1.403584810890707,-1.2579576968764676,-0.6264750574042424,0.4537464539000351,0.487831733232879,-0.6851976980949278,74.0
1.144854147691355,1.321551438806495,0.046358419020251285,-0.38013755294956597,0.06487630245000671,0.7866571076024093,1.0234350963227712,1.5554944479044295,0.46707716032380847,100.0
0.2386949891109947,0.8638158889694191,1.1251712436407983,-0.07345997739925916,0.3412893769361358,-0.32868858585111654,-0.3691371407105834,0.6542207277271467,0.03417831848693528,94.0
0.2971568703097277,-0.9474387598482593,-1.5006184615677025,-0.06632794075855425,0.04692740150934899,0.23439856035843062,-0.7489295689924075,-0.13612699612062437,0.23789542052781706,90.0
-1.700290737313646,0.22397049672404326,-0.3200308421716323,-0.7617015132272736,-0.9600059412615495,1.0411291832932623,0.43264687455104495,-0.8016829740976946,-0.4751144366152687,59.0
-0.6382332288699987,-1.1000172764606182,0.1074232958855654,0.06561473709448491,-0.308460837115674,-0.15543100240202518,0.43264687455104495,0.47396598369168996,-0.8761824812582544,77.0
-0.22900006047886814,1.006550630316464,-0.3200308421716323,0.058482700453780005,-0.19179298100139874,0.42931334173865854,0.5486945609704913,0.9592672176333039,-0.8316193651868116,80.0
-1.5443923874503582,1.0163944055817775,-0.40145067799205103,-1.6710361849171373,-1.5523196723032546,0.716271214326216,-1.4452156875090847,-1.0789979649214738,-0.5196775526867117,48.0
-0.45310393840734425,1.5528801575413618,-2.070557312310633,0.19399139662717138,0.6248820117985279,-0.020073515332422513,1.2449806794871683,0.7096837258919025,1.2437486118546697,113.0
0.4043369858407382,-0.7800945803379304,-0.767839939183935,-0.9792286307687705,-1.082058467658022,-1.476520076201347,0.052854446269221006,-0.8432802227212616,-0.8252532057480338,40.0
-0.24848735421177937,-0.4552499965825859,0.2091980906610887,0.29383990959703893,-0.3623075399376472,-1.42779138085629,0.4431966642255402,-0.260918741991325,0.6071326679769148,90.0
-0.9987481629288514,-1.1049391640932749,1.9800795197551941,-0.5976646704910629,-0.38743600125456784,-1.178733604648221,-0.7489295689924075,-0.37184473832083664,0.7599204945075758,58.0
-0.35566746974278945,-0.2928277047049138,0.43310263916723984,-0.38013755294956597,-0.5579505601908163,-0.3395171848166847,-1.571813163603026,1.5693601974456182,-0.41781900166627084,110.0
0.014591111182518907,0.35686146280577485,-0.3403858011267373,0.2795758363156293,-0.09307402582778125,0.9003573967408756,-0.3374877716870982,-1.439507452992387,-0.09951102972739334,97.0
0.1704894610458064,-1.1000172764606182,-0.9713895287349815,0.42934860577043027,0.7002673957492904,-1.1841479041310052,-1.0759730489017558,-0.260918741991325,-0.0676802325335056,127.0
0.501773454505293,-0.7357975916440199,-0.2996758832165277,-0.5120802308026051,-0.7464140200677225,0.29937015415183965,-0.7911287276903878,-0.37184473832083664,-1.0098718294725828,57.0
-0.13156359181431332,-0.48970321001118317,0.3923927212570307,-0.825889842993617,-1.0246219846479174,-0.9296758284401522,-0.516834196153515,-0.5382337328151042,-0.8188870463092562,37.0
-0.25823100107823466,-0.11563974992927131,0.8809117361795421,-0.8116257697122072,-0.5776943512255399,-0.09587370809139992,-1.0126743108547853,-0.3025159906148919,-1.2708843664624623,47.0
0.872032035430601,-0.0073582220108230284,1.5119154637877867,-0.34804338806639434,-0.5148731979332378,-1.5523202689603244,-0.6328818825729612,-0.06679824841467949,-0.004018638145730101,57.0
1.0766486196261662,0.6078777320712687,-1.236003995151342,-0.3409113514256897,0.11333833498978263,0.26147005777235116,-0.21089029559315675,0.04412774791483233,0.06600911568082303,92.0
-0.8720807536649301,-0.140249188092555,-0.38109571903694645,-0.5798345788893008,-0.6189768233890527,0.3914132453591696,-0.34803756136159325,-0.08066399795586846,-0.7488592924827033,43.0
1.115623207091988,-2.2763484206655775,0.2091980906610887,-0.19113858197088848,-0.3569228696554499,-1.2437051984416303,-1.571813163603026,-1.439507452992387,1.2946778873648899,76.0
-1.3397758032547933,0.7506124734183136,-0.3403858011267373,1.196042544646198,1.6084817833465714,-1.0812762139581071,-0.06319324015022516,0.9038042194685479,0.2315292610890394,173.0
0.8330574479647792,0.6127996197039252,1.7561749712490426,-1.6710361849171373,-1.5523196723032546,-0.01465921584963833,0.47484603324902525,0.4185029855269344,-0.14407414579883593,72.0
-1.3690067438541595,0.5340494175814177,0.3923927212570307,0.6789698881950991,0.4812908042732661,-0.761832544473845,1.1394827827422174,-0.6214282300622381,-1.8438387159524419,120.0
0.121771226713529,0.10092330590762491,-1.0120994466451907,-0.651154945296349,-0.3048710569275424,-0.6481322553353787,1.656422476792478,0.7790124735978474,-0.44328363942138094,74.0
1.144854147691355,0.435611664928283,-0.38109571903694645,1.1889105080054931,0.2820580038319654,0.1694269665650212,-0.35858735103608835,1.3752397038689725,-1.022604148350138,129.0
-0.09258900434849153,0.3322520246424912,-1.1545841593309234,1.1425522698409118,0.8492432735567498,-0.3720029817133894,0.2744000294336183,-1.439507452992387,-1.2963490042175725,131.0
1.0279303852938888,0.716159259989717,1.4101406690122635,0.047784645492722884,0.5979586603875413,0.1369411696683165,-1.571813163603026,-1.051266465839096,0.49890795751769623,115.0
-1.5736233280497247,-0.9622044227462297,-0.11648125262058576,0.46857480729430684,0.38795651938184583,0.31561305260019223,-0.29528861298911774,-0.5105022337327263,-2.4422577031975314,111.0
-0.15105088554722457,-1.4051743096853355,1.4915605048326819,-0.940002429244894,-1.0712891270936276,0.21274136242729427,0.43264687455104495,2.040795681846043,0.7344558567524657,125.0
-1.2715702751896047,1.4052235285616597,0.3923927212570307,0.6076495217880507,1.0197578324929981,0.16401266708223702,-0.126491978197196,-0.9264747199683953,-0.3796220450336054,138.0
-1.8074708528446564,0.5340494175814177,0.49416751603255393,-1.6710361849171373,-1.5523196723032546,0.25605575828956695,-1.571813163603026,1.9437354350577203,-1.360010598605348,119.0
0.9694685040951558,-0.3223590305008543,0.7180720645387051,0.42934860577043027,-0.09486891592184692,1.4093015481225815,2.162812381168243,0.6819522268095246,-2.0157250207994357,96.0
-0.02438347628330323,-0.8588447824604383,-0.1571911705307953,-0.8009277147511501,-0.7535935804439856,-1.1245906098203802,-0.432435878757554,0.46010023415050133,0.7408220161912433,70.0
1.2910088506881872,0.08615764300965485,1.267655956326531,0.0014264073281414391,-0.24204990363524034,0.15859836759945323,-0.020994081452244878,0.5848919800212018,-0.8825486406970318,82.0
1.3104961444210976,-0.19438995205177914,1.8783047249796707,-0.012837665953268138,-0.5346169889679613,0.9761575894998529,-0.7383797793179123,1.1117904625863826,-0.6470007414622625,89.0
-0.4920785258731664,-0.2780620418069434,-1.6227482152983304,-0.38370357126991844,-0.7159008884686043,-0.9459187268885045,-0.47463503745553454,-0.8987432208860173,-0.8698163218194767,69.0
0.32638781090909424,0.11568896880559532,1.6136902585633102,0.44717869737219235,0.020004050098362394,-1.6660205580987906,0.4115472952020548,0.5155632323152569,0.4861756386401414,103.0
0.8622883885641454,0.273189373050611,0.14813321379577457,-0.019969702593973054,-0.16845940977854376,-0.26371699205770727,1.0550844653462563,0.5710262304800128,1.7976044830283167,75.0
-0.7161824038016422,-1.1836893662157828,0.33132784439171653,0.3936884225669062,0.3018017948666888,-1.6660205580987906,0.5697941403194815,-1.439507452992387,-0.6851976980949278,108.0
-0.043870770016214124,0.5537369681120442,1.2880109152816352,-0.38370357126991844,-0.6746184163050917,-0.7510039455082769,0.622543088691957,-0.5798309814386712,-1.0989980616154686,56.0
0.6284408637692139,-0.11071786229661451,-2.6404961630535633,-1.1896237116695625,-0.9959037431428649,-0.32868858585111654,-0.5379337755025051,0.03026199837364335,1.364705641191443,64.0
-0.14130723868076894,0.15506406986684906,-2.355526737682098,-0.7403054033051591,-0.733849789409262,0.0124122815642822,-1.4452156875090847,-0.3163817401560808,0.6453296246095801,49.0
0.4530552201730156,-0.8047040185012141,-1.0324544056002956,1.8414918606299835,1.1292461282310102,0.21274136242729427,0.9706861479502957,0.9592672176333039,1.6448166564976552,168.0
0.2386949891109947,-1.0557202877667076,-0.9917444876900862,-0.2802890399796987,-0.2707681451402926,1.5392447357094003,-0.7805789380158927,0.26597974057385565,0.11057223175226606,72.0
0.06330934551479632,0.7949094621122245,-1.785587886939168,-0.3944016262309758,-0.7751322615727749,0.9707432900170692,2.2683102779131943,-1.3147157071216864,-0.08677871084983807,61.0
0.09254028611416248,-2.025332151400084,1.0437514078203796,-0.6190607804131774,-0.608207482824658,0.9111859957064439,0.9073874099033249,-1.439507452992387,-0.6151699442683749,64.0
0.4627988670394709,-0.5782971873990043,-1.0324544056002956,-0.6832491101795207,-0.6979519875279466,-0.4044887786100939,0.9073874099033249,-0.38571048786202566,0.6707942623646902,50.0
-0.7941315787332861,-0.34204658103148117,-0.40145067799205103,1.024873665269282,0.08282520339066445,-0.025487814815206504,0.7596903544603936,-0.12226124657943539,-1.2645182070236847,127.0
0.44331157330655996,-0.9523606474809161,-0.25896596530631855,0.18685935998646672,0.6697542641501723,1.0465434827760465,-1.3924667391366092,-0.9126089704272062,1.1737208580281167,117.0
-1.0084918097953068,-0.1796242891538087,-0.8085498570941442,0.4578767523332497,0.6733440443383039,-0.9946474222335616,1.3926777349301,-0.23318724290894705,0.12967071006859854,116.0
-0.11207629808140242,0.6866279341937762,1.837594807069461,0.3615942576837346,0.2838528939260311,-0.7401753465427084,1.4454266833025757,-0.9126089704272062,-0.2841296534519422,112.0
0.6966463918344026,-0.4847813223785264,1.0437514078203796,1.3137211492178273,2.008742274323239,0.624228123118886,-1.571813163603026,-1.370178705286442,-0.5833391470744872,195.0
0.2386949891109947,-0.08118653650067403,-0.4828705138124697,0.3009719462377436,0.48488058446139765,0.2939558546690559,2.1522625914937477,-1.439507452992387,1.4092687572628857,115.0
1.4761381411508412,-0.8194696813991842,-0.38109571903694645,-0.825889842993617,-0.5130783078391721,-1.6660205580987906,0.031754866920230676,-0.260918741991325,1.1800870174668943,62.0
0.33613145777554954,0.12061085643825177,0.31097288543661195,1.1710804164037312,2.0015627139469756,-0.5723320625764013,-0.7700291483413977,-0.274784491532514,0.13603686950737617,195.0
-0.40438570407506685,-0.5143126481744669,0.31097288543661195,1.1496843064816165,0.24257042176251833,-0.38283158067895756,0.0212050772457356,2.0962586800107985,-1.7674448026871112,134.0
-1.3105448626554268,0.19443917092810278,1.0030414899101703,-0.8900781727599604,-0.9097490186277079,0.19649846397894172,-1.0548734695527655,-0.1499927456618132,-2.219442122840317,44.0
0.7843392136325018,-0.730875704011363,-0.7271300212737256,-1.6710361849171373,-1.5523196723032546,0.21815566191007807,-0.8333278863883683,-0.4966364841915373,0.6516957840483578,46.0
-0.57002770080481,-0.287905817072257,-0.03506141680016741,1.02130764694893,1.184887721147049,-0.2258168956782184,0.09505360496720149,-0.6907569777681828,-1.2135889315134645,148.0
-0.8428498130655635,-0.23868694074568966,1.3287208331918445,-0.3373453331053372,-0.1325616078972283,0.9003573967408756,0.8018895131583738,-0.274784491532514,-0.7488592924827033,77.0
-1.3884940375870707,0.09600141827496811,-1.1952940772411327,1.1675143980833784,0.3610331679708592,-1.0271332191302662,0.5592443506449862,1.1533877112099495,-0.2522988562580544,132.0
0.5602353357040256,-0.5290783110724369,0.31097288543661195,0.09414288365730407,0.01820916000429672,-0.5236033672313443,0.34824855715508396,-0.6075624805210491,-0.41781900166627084,92.0
1.0376740321603444,2.227178763215334,0.9012666951346471,0.8430067309313095,0.9389877782600384,0.9057716962236597,0.5275949816215008,-1.439507452992387,0.747188175630021,143.0
-1.6125979155155468,-0.40110923262336173,-0.21825604739610904,1.520550211798267,1.8130992540700697,0.028655180012634555,-0.3902367200595737,0.9038042194685479,0.2697262177217048,193.0
0.8817756822970566,-0.24853071601100327,-1.3174238309717605,-1.2431139864748486,-1.2005212138663632,-1.0542047165441866,1.677522056141468,1.8466751882693977,-1.6910508894217808,122.0
-0.6966951100687313,-0.140249188092555,-0.8899696929145628,-0.34804338806639434,-0.5130783078391721,-1.6660205580987906,0.08450381529270623,-0.99580346767434,-1.8820356725851073,69.0
-0.02438347628330323,0.7703000239489408,0.7180720645387051,0.557725265303117,0.3538536075945963,-0.6535465548181629,-0.516834196153515,0.3769057369033675,-0.4114528422274932,103.0
0.02433475804897418,0.789987574479568,-0.5235804317226791,1.1461182881612642,1.8400226054810562,2.4001183534720725,-0.611782303223971,0.4046372359857454,-0.048581754217172674,186.0
-1.8269581465775673,1.0853008324389721,-0.5032254727675743,0.9000630240569478,0.8905257457202622,1.1548294724317287,-0.4851848271300296,0.016396248832454375,-1.1817581343195767,143.0
0.365362398374916,-0.33220280576616756,1.0437514078203796,-0.3409113514256897,-0.2976914965512792,1.1440008734661602,0.04230465659472593,0.2382482414914777,-0.29049581289071985,57.0
1.329983438154009,0.1796735080301327,-0.1368362115756907,-0.23393080181511747,-0.5238476484035667,-0.44780317447236684,1.8252191115844,-0.3163817401560808,0.23789542052781706,67.0
2.791530468122331,0.43068977729562585,-1.643103174253435,0.6005174851473459,0.10615877461351969,-1.1354192087859483,-0.35858735103608835,-1.023534966756718,2.28143260037541,114.0
0.014591111182518907,-1.252595793072977,0.43310263916723984,1.135420233200207,1.7089956286142545,0.9436717926031486,-1.0443236798782705,-1.439507452992387,-0.09951102972739334,178.0
0.7258773324337687,0.9967068550511503,0.026003460065146703,1.96986852016267,2.7051596308207584,0.7758285086368413,-0.020994081452244878,0.26597974057385565,-0.32232661008460756,235.0
-1.2618266283231494,-0.4700156594805563,0.005648501110042118,0.1119729752590661,0.44718789248601654,0.5213564329459881,1.3293789968831293,0.18278524332672177,-1.5700938600850072,118.0
0.14125852044643988,-1.0065014114401403,-0.17754612948589987,-1.5747536902676222,-1.4589853874118344,0.37517034691081746,1.7619203735374291,0.7096837258919025,-0.2650311751356097,83.0
-0.21925641361241285,0.7555343610509707,0.45345759812234443,0.5006689721774784,0.7343703075365402,0.7325141127745681,-1.4346658978345894,1.9853326836812875,0.3970494064972558,126.0
-0.07310171061558064,1.1985042479900767,-1.8873626817146911,-0.4193637544734425,-0.3353841885266606,0.770414209154057,0.11615318431619163,0.5571604809388239,-0.1568064646763912,84.0
0.5407480419711148,-0.6816568276847957,-0.19790108844100446,0.2403496347917528,0.28026311373789947,1.5988020300200252,-1.2869688423916579,-0.6630254786858049,-1.9329649480953275,96.0
0.9207502697628784,0.46514299072422316,0.7587819824489143,0.9606853355029389,0.8959104160024598,-0.5723320625764013,0.7280409854369081,0.917669969009737,0.2824585365992596,137.0
0.4725425139059265,0.027094991417773898,-1.1342292003758188,-1.6710361849171373,-1.5523196723032546,-0.23123119516100257,-0.1897907162441666,-1.2731184584981194,0.3843170876197005,44.0
-0.004896182550392334,-0.4306405584193022,1.4101406690122635,0.9820814454250536,0.12410767555417743,-0.9784045237852093,2.2683102779131943,-1.439507452992387,-1.4809676279421216,126.0
0.501773454505293,-0.2189993902150628,-0.36074076008184186,-1.6710361849171373,-1.5523196723032546,-1.628120461719302,-1.381916949462114,0.4185029855269344,-0.2522988562580544,73.0
0.930493916629334,-0.9326730969502892,-0.5642903496328884,-0.3123832048628703,-0.6782081964932231,-0.4857032708518555,0.010655287571240528,-0.19158999428538012,-2.1366820501362094,56.0
0.8817756822970566,1.862959078398736,2.020789437665403,-0.6582869819370538,-0.7930811625134326,2.281003764850823,-0.7594793586669025,-0.99580346767434,-0.767957770799036,102.0
0.9694685040951558,0.1304546317035654,1.7968848891592517,0.4150845324890207,0.15103102696516402,-1.433205680339074,0.5064954022725107,-1.2869842080393084,1.1036931042015634,102.0
-1.6223415623820021,0.6177215073365824,-0.07577133471037659,1.7594734392618783,1.6066868932525058,0.6188138236361023,-1.571813163603026,-0.3163817401560808,-0.17590494299272366,183.0
1.3689580256198306,-0.1451710757252118,-0.1368362115756907,0.42578258745007785,0.1779543783761506,0.8245572039818981,-1.086522838576251,-1.439507452992387,0.8681452049667944,91.0
-0.57002770080481,-1.2230644672770365,-0.6253552264982024,-0.16617645372842155,0.07205586282626991,1.0898578786383193,-0.7278299896434172,0.22438249195028873,-0.0676802325335056,89.0
0.8330574479647792,-0.38142168209273486,-1.1952940772411327,-1.6710361849171373,-1.5523196723032546,0.8841144982925233,1.6669722664669728,1.2088507093747052,-0.9716748728399176,90.0
0.37510604524137164,-0.3764997944600781,-1.1952940772411327,-1.6710361849171373,-1.5523196723032546,2.2160321710574133,-0.4535354581065444,-0.33024748969726975,-0.5515083498805995,78.0
0.7356209793002244,-1.085251613562648,0.1888431317059841,-1.3286984261633064,-1.1987263237722972,0.5213564329459881,-0.14759155754618614,-1.411775953910009,0.26336005828292713,62.0
-1.5443923874503582,-0.5143126481744669,-0.8899696929145628,0.9071950606976528,0.6105228910460018,-0.13377380447088863,1.2766300485106539,-0.5520994823562932,-0.4814805960540463,126.0
-2.2361913149686976,-0.8539228948277814,0.33132784439171653,-0.3302132964646323,-0.4358980337943438,1.2198010662251377,-1.571813163603026,0.33530848827980053,-1.4364045118706787,73.0
0.8817756822970566,-0.4650937718478995,0.5145224749876586,-0.03423377587538263,0.48847036464952925,0.48345633656649956,0.3693481365040741,0.32144273873861157,1.3710718006302207,120.0
0.6576718043685805,-0.7505632545419899,-0.6253552264982024,1.9912646300847847,0.7164214065958825,0.559256529325477,-1.00212452118029,0.39077148644455645,0.7599204945075758,168.0
-2.7233736582914716,1.7349899999496603,-0.1571911705307953,-0.1554783987673644,0.2479550920447156,0.055726677426555085,1.0234350963227712,0.6126234791035797,-0.9971395105950277,88.0
0.6284408637692139,-0.3568122439294512,-0.40145067799205103,-1.4000187925703544,-1.2364190157476787,0.8245572039818981,0.4220970848765497,0.21051674240909973,0.23789542052781706,53.0
0.0340784049154298,1.021316293214434,-0.5642903496328884,1.7024171461362394,1.4828394767619673,1.436373045536502,0.9284869892523151,-0.7739514750153167,1.2564809307322249,173.0
-1.193621100257961,1.5725677080719882,0.22955304961619327,0.8679688591737765,0.04692740150934899,-1.4494485787874265,1.0867338343697417,0.47396598369168996,-0.7042961764112605,120.0
-2.586962602161095,-0.7604070298073036,-0.09612629366548117,0.46857480729430684,0.05769674207374378,0.38058464639360123,0.08450381529270623,0.11345649562077721,-1.5764600195237848,99.0
-1.3202885095218821,-0.17470240152115227,-0.3200308421716323,0.9250251522994148,0.9318082178837752,0.3535131489796807,-1.0654232592272608,-0.6214282300622381,0.13603686950737617,138.0
1.0084430915609777,0.39131467623437216,0.3720377623019257,0.5862534118659362,0.10615877461351969,0.402241844324738,-0.09484260917371058,1.292045206621839,0.7917512917014636,113.0
1.2325469694894542,-0.12056163756192811,0.7791369414040189,1.2459668011311313,0.8564228339330124,0.6025709251877497,-0.516834196153515,0.15505374424434384,-0.9907733511562503,138.0
-0.10233265121494715,0.31748636174452116,0.6162972697631818,-1.6710361849171373,-1.5523196723032546,2.167303475712356,-0.42188608908305897,0.0579934974560213,0.365218609303368,81.0
1.0181867384274332,-1.0754078382973344,-0.40145067799205103,-0.34804338806639434,-0.5023089672747774,-0.2962027889544118,-0.7067304102944271,0.5155632323152569,0.8490467266504614,65.0
1.0279303852938888,-0.33220280576616756,0.9623315719999609,-0.2374968201354697,-0.6028228125424607,3.131048783647927,0.1689021326886672,-0.5243679832739152,0.6325973057320249,109.0
0.053565698648340695,0.7703000239489408,-1.3174238309717605,1.196042544646198,1.7359189800252413,-1.0108903206819138,1.097283624044237,-0.6907569777681828,-0.2204680590641667,178.0
0.16074581417935113,0.4159241143976558,0.3720377623019257,-0.03779979419573509,-0.5507709998145534,0.38058464639360123,1.9201672186548557,0.14118799470315485,0.4861756386401414,78.0
0.5992099231698478,-1.0163451867054536,1.3287208331918445,0.5648573019438219,0.06846608263813832,0.5646708288082611,0.7280409854369081,-0.03906674933230153,0.95727143710968,105.0
1.5346000223495742,-1.5528309386650376,-1.236003995151342,0.9250251522994148,0.025388720380559917,0.7866571076024093,0.49594561259801573,0.4046372359857454,-0.9334779162072522,122.0
-0.24848735421177937,0.8982691023980156,-1.174939118286028,0.7181960897189753,0.5746250891646864,0.8516287013958186,-1.5507135842540358,-1.439507452992387,1.4029025978241085,124.0
-0.9987481629288514,0.08123575537699804,-1.3174238309717605,0.004992425648493897,0.4759061339910688,-0.4423888749895826,1.4665262626515658,1.1533877112099495,-0.4369174799826033,115.0
0.30690051717618333,-0.7702508050726168,-0.8289048160492489,0.16546325006435222,0.6015484405756729,-0.6048178594731058,-1.571813163603026,-0.9126089704272062,0.19969846389515167,118.0
0.02433475804897418,0.9130347652959864,-0.11648125262058576,-0.4550239376769666,-0.6961570974338809,-0.19333109878151386,0.3165991881315986,1.3475082047865945,-0.5196775526867117,97.0
-1.7392653247794678,-1.9465819492775762,0.1888431317059841,0.23678361647140037,0.46513679342667424,0.505113534497636,0.22165108106114273,0.6819522268095246,-1.3982075552380133,115.0
0.43356792644010433,-1.0409546248687371,1.6340452175184144,1.591870578205315,0.4220594311690956,-1.6660205580987906,-1.1181722075997365,-1.439507452992387,0.09147375343593314,150.0
-0.22900006047886814,-0.4552499965825859,0.046358419020251285,-1.18605769334921,-1.1879569832079027,0.31561305260019223,-1.0232241005292801,-1.0928637144626627,0.5116402763952514,55.0
-0.10233265121494715,-0.2977495923375706,-0.5032254727675743,-1.6389420200339657,-1.5146269803278734,0.38599894587638545,0.1689021326886672,-1.1760582117097966,0.403415565936033,45.0
0.7258773324337687,-0.47985943474586956,-0.09612629366548117,-1.6710361849171373,-1.5523196723032546,0.9328431936375803,0.39044771585306465,-0.23318724290894705,0.7790189728239088,60.0
1.3689580256198306,0.6374090578672088,-0.5032254727675743,-0.9685305758077133,-0.7733373714787092,0.8516287013958186,-0.6961806206199318,1.7773464405634525,1.5238596271608822,114.0
0.3556187515084608,-2.168066892747129,1.267655956326531,-0.15904441708771688,-0.6028228125424607,-0.8971900315434477,1.5614743697220217,-0.9126089704272062,-0.04221559477839549,64.0
1.3104961444210976,-0.2189993902150628,-1.602393256343226,-0.3551754247070993,-0.7069264379982755,-1.1462478077515164,-0.6223320928984661,0.33530848827980053,-0.004018638145730101,66.0
0.5797226294369365,1.1542072592961659,-0.8696147339594583,-1.5390935070640983,-1.4733445081643604,0.37517034691081746,0.29549960878260845,-0.7878172245565056,0.42888020369114355,48.0
-0.29720558854405676,1.7251462246843474,0.7587819824489143,0.9499872805418818,0.7307805273484086,-0.5344319661969126,1.6353228974434875,2.0130641827636655,-0.44964979886015854,133.0
-0.4336166446744334,1.5184269441127645,-0.27932092426142313,1.9449063919202034,1.1579643697360624,-0.864704234646743,-0.5484835651770004,-0.4134419869444036,-0.6342684225847074,176.0
0.18023310791226202,-0.13040541282724138,0.6977171055836006,-1.5497915620251557,-1.4571904973177687,-1.3465768886145284,-0.432435878757554,0.5155632323152569,-0.17590494299272366,75.0
0.6966463918344026,1.493817505949481,-0.6050002675430975,1.7487753843008211,1.4523263451628494,1.2414582641562744,0.232200870735638,-1.439507452992387,0.8872436832831269,168.0
0.02433475804897418,-0.9917357485421698,0.3720377623019257,0.4614427706536019,0.8510381636508154,-0.7564182449910608,-0.5484835651770004,-1.0374007162979069,0.12967071006859854,139.0
-1.417724978186437,0.8638158889694191,-1.1952940772411327,-0.18044052700983138,-0.15410028902601738,1.1981438682940013,0.00010549789674545484,-0.981937718133151,1.472930351650661,81.0
-0.05361441688266974,2.1927255497867373,0.3516828033468211,0.08344482869624695,-0.046406883382070996,-0.8105612398189019,0.5697941403194815,-0.260918741991325,1.040031509813788,90.0
0.3556187515084608,-0.05657709833739037,-1.5006184615677025,0.10127492029800898,-0.243844793729306,-0.3990744791273099,1.0761840446952469,1.3752397038689725,-0.5451421904418218,102.0
0.5797226294369365,-0.17470240152115227,-0.8492597750043535,-1.3821887009685925,-1.2633423671586652,0.7216855138090001,-1.1287219972742313,0.07185924699721029,0.0023475212930475385,62.0
0.48228616077238173,0.33717391227514837,-0.7067750623186209,0.22608556151034323,0.6589849235857776,-0.5019461693002079,2.1206132224702627,-0.6491597291446161,0.5116402763952514,121.0
-0.14130723868076894,-0.27314015417428694,-1.0935192824656095,1.381475497304523,0.31436602552514925,1.690845121227355,1.0445346756717615,-0.5936967309798601,-1.0862657427379134,131.0
-0.8818244005313856,-1.1541580404198422,-0.4828705138124697,-0.5691365239282437,-0.7087213280923413,-0.761832544473845,-0.2530894542911372,0.862206970844981,-0.40508668278871557,82.0
-1.5054177999845364,1.2378793490513305,-1.0528093645554,-0.2517608934168795,-0.18102364043700397,-0.7943183413705496,-1.1392717869487266,-0.6491597291446161,-1.601924657278895,79.0
-1.0961846315934063,-1.4691588489098732,0.12777825484066999,-0.7331733666644543,-0.417949132853686,-1.5252487715464038,-0.06319324015022516,-0.8710117218036395,1.3710718006302207,65.0
-0.14130723868076894,-1.754628331603964,-0.07577133471037659,-0.5798345788893008,-0.2743579253284242,0.49969923501485175,1.1078334137187318,-1.439507452992387,1.7021120914466534,66.0
-0.3361801760098786,0.9278004281939565,-0.3403858011267373,0.26887778135457197,0.6518053632095145,-0.6535465548181629,-0.8122283070393781,0.6542207277271467,0.18059998557881873,121.0
0.25818228284390593,-0.9474387598482593,-1.0935192824656095,0.7467242362817944,0.9443724485422355,-1.319505391200608,0.232200870735638,-0.011335250249923578,-0.44328363942138094,136.0
-1.1643901596585946,0.2633455977852973,1.3083658742367403,0.46857480729430684,0.7828323400763159,-0.27454559102327547,0.232200870735638,3.0945926469764045,0.61986498685447,172.0
-0.6577205226029096,0.6964717094590898,-0.44216059590226037,0.5862534118659362,0.3305200363717413,-1.4548628782702107,-0.9493755728078145,-1.2176554603333634,-0.8634501623806993,98.0
-0.13156359181431332,-1.1640018156851555,1.1455262025959028,0.5363291553810025,0.6912929452789616,0.8299715034646823,-0.4851848271300296,0.5848919800212018,0.6134988274156924,122.0
-1.8269581465775673,-0.31743714286819746,-0.09612629366548117,0.46857480729430684,0.10974855480165104,0.7108569148434318,-0.020994081452244878,-0.025200999791112556,-1.1817581343195767,96.0
-1.0182354566617622,-0.05165521070473392,-1.0935192824656095,0.4364806424111352,0.6051382207638045,0.017826581047066383,-1.2658692630426678,-1.439507452992387,0.320655493231925,124.0
-1.1643901596585946,0.22397049672404326,-0.17754612948589987,2.212357765946634,1.8669459568920428,0.2777129562207033,1.2871798381851491,-0.1499927456618132,-0.9971395105950277,184.0
-2.1679857869035093,-0.8145477937665276,0.6773621466284956,0.4578767523332497,0.9587315692947618,-0.30703138791997997,-1.571813163603026,0.7790124735978474,-1.3663767580441255,135.0
1.5540873160824846,0.8441283384387918,-0.11648125262058576,0.6468757233119272,0.197698169410874,-0.8213898387844701,-0.5484835651770004,0.3769057369033675,2.7652607177225046,112.0
-0.6090022882706321,-1.8776755224203823,0.31097288543661195,-1.439244994094231,-1.302829949228112,-0.9513330263712887,-0.126491978197196,0.26597974057385565,1.2946778873648899,59.0
-0.014639829416847609,-1.3067365570322012,1.0641063667754842,0.4436126790518399,-0.06076600413459739,0.38058464639360123,-1.2236701043446876,-1.439507452992387,-0.2522988562580544,102.0
-1.047466397261129,-0.5044688729091532,0.41274768021213526,-0.1982706186115934,-0.3425637489029235,0.2398128598412148,-0.2636392439656323,-1.439507452992387,1.7594075263956508,81.0
0.7063900387008579,0.08123575537699804,-0.3200308421716323,1.8949821354352696,1.3212993682960477,-1.0000617217163457,-0.03154387112673995,1.6386889451515634,0.30155701491559256,162.0
-1.8172144997111117,1.7153024494190339,-0.19790108844100446,0.8073465477277855,0.39513607975810905,1.1440008734661602,0.6858418267389275,-1.2869842080393084,-1.3409121202890155,117.0
-0.930542634863663,1.316629551173838,-0.6050002675430975,2.0090947216865467,1.4702752461035071,-0.1012880075741841,0.8862878305543348,0.6958179763507136,-1.1562934965644664,176.0
1.1643414414242654,0.3962365638670293,1.2269460384163215,1.4599279003522758,0.6194973415163306,-0.7239324480943563,-1.0337738902037754,-1.0374007162979069,0.46707716032380847,154.0
-0.5407967602054439,0.1304546317035654,-0.11648125262058576,-0.24819487509652705,-0.09127913573371532,-0.2962027889544118,1.1078334137187318,-1.065132215380285,1.3265086845587777,82.0
0.14125852044643988,1.0163944055817775,1.6544001764735192,0.3188020378395056,0.3969309698521747,0.0015836825987140264,0.8018895131583738,1.27817945708065,1.2692132496097799,110.0
-0.21925641361241285,0.8884253271327027,1.206591079461217,2.066151014812185,2.337207161537275,0.4455562401870107,0.47484603324902525,-0.8432802227212616,0.2124307827727065,216.0
1.6710110784799508,-2.2369733196043238,-0.5235804317226791,1.8486238972706885,0.9856549207057484,1.8641027046764467,0.812439302832869,-0.260918741991325,1.3519733223138881,168.0
0.14125852044643988,-0.7062662658480794,0.16848817275087916,-1.2609440780766106,-1.107186928974943,1.1331722745005923,0.25330045008462815,0.12732224516196589,-1.0862657427379134,70.0
-0.6090022882706321,-0.3863435697253917,0.2091980906610887,0.32950009280056297,0.483085694367332,-1.2599480968899828,0.4431966642255402,-1.439507452992387,-0.6979300169724829,111.0
0.21920769537808382,-0.2583744912763165,-1.0324544056002956,2.501205249895179,1.080784095691234,-0.11753090602253627,-1.0126743108547853,1.319776705704217,-1.0162379889113604,196.0
-0.7161824038016422,0.5488150804793878,-0.21825604739610904,-0.28742107662040356,0.13667190621263764,-0.13918810395367281,-0.5590333548514955,1.319776705704217,0.7853851322626859,105.0
1.7197293128122282,1.213269910888047,0.7587819824489143,0.9963455187064629,1.2297599734986935,-0.15543100240202518,-1.571813163603026,-1.439507452992387,1.3456071628751105,158.0
0.9986994446945227,-0.7210319287460495,-1.236003995151342,1.6310967797291913,1.3428380494248373,0.16401266708223702,-0.9599253624823098,0.9038042194685479,-0.20136958074783423,162.0
0.1510021673128955,-1.1886112538484392,0.24990800857129786,-1.4856032322588122,-1.4410364864711767,-0.13918810395367281,0.20055150171215258,1.9991984332224761,-0.7806900896765911,126.0
0.22895134224453942,0.08615764300965485,0.7180720645387051,-0.7331733666644543,-0.8882103374989185,1.0411291832932623,-1.571813163603026,0.33530848827980053,0.16150150726248627,58.0
-0.6674641694693648,0.37654901333640206,-0.4828705138124697,-1.0148888139722945,-0.8684665464641951,0.9978147874309896,0.3060493984571037,-0.16385849520300216,-0.2713973345743869,60.0
-1.6028542686490912,-1.5134558376037837,1.4508505869224726,-0.3730055163088613,-0.7176957785626702,-1.0758619144753232,-1.2869688423916579,0.09959074607958823,-0.9844071917174726,62.0
2.187424362402091,0.4602211030915667,0.046358419020251285,1.556210395001791,1.3177095881079164,1.9128314000215032,0.6963916164134227,0.2521139910326667,0.9636375965484576,161.0
-0.11207629808140242,0.2042829461934164,1.023396448865275,-1.211019821591677,-1.232829235559547,-0.32868858585111654,1.8885178496313701,-0.8016829740976946,-1.0735334238603582,41.0
-0.3654111166092451,-0.140249188092555,-0.25896596530631855,1.2958910576160654,0.9066797565668543,-0.9459187268885045,0.5592443506449862,-1.439507452992387,0.015079840170602819,143.0
-1.5736233280497247,-1.173845590950469,-0.9713895287349815,-0.10912016060278323,0.39334118966404336,1.544659035192184,-0.8860768347608439,-0.4689049851091595,1.9312938312426449,114.0
0.121771226713529,0.3420957999078048,1.2473009973714262,0.3152360195191534,-0.015893751782953065,1.2198010662251377,-1.571813163603026,0.14118799470315485,0.9891022343035677,99.0
-1.5249050937174473,-1.173845590950469,0.6773621466284956,1.4492298453912187,1.811304363976004,-1.1949765030965736,-0.42188608908305897,0.6264892286447687,-1.1117303804930236,188.0
0.6966463918344026,0.657096608397836,-0.19790108844100446,-0.9720965941280656,-0.6853877568694863,2.5300615410588914,-0.41133629940856387,1.5970916965279962,-1.0035056700338054,110.0
0.6089535700363031,1.9417092805212433,-0.8492597750043535,1.1389862515205593,1.5779686517474534,-0.39366017964452577,0.538144771295996,0.39077148644455645,0.320655493231925,168.0
-1.8367017934440226,-0.5930628502969747,-0.5439353906777836,-0.06276192243820179,-0.2797425956106215,-0.052559312229127034,-1.2447696836936777,0.5710262304800128,-1.1817581343195767,70.0
0.8915193291635123,-0.2583744912763165,0.1074232958855654,0.8964970057365956,1.1795030508648516,-0.16084530188480917,-1.571813163603026,-0.33024748969726975,0.6898927406810227,149.0
-0.19002547301304634,0.47498676598953676,-0.8899696929145628,1.4064376255469897,1.818483924352267,1.1277579750178082,-1.2342198940191824,1.4168369524925397,-0.29686197232949746,184.0
-0.5992586414041765,-0.13040541282724138,1.552625381697996,0.9999115370268157,0.4759061339910688,0.30478445363462386,0.8335388821818592,1.3336424552454058,-2.26400523891176,122.0
-1.0572100441275842,1.1246759335002259,-0.055416375755271995,-0.8722480811581983,-0.7356446795033279,-1.6660205580987906,-0.7805789380158927,0.22438249195028873,-0.96530871340114,62.0
-0.7649006381339196,-1.710331342910053,-2.2130420249963656,-1.6246779467525563,-1.5074474199516101,-0.8538756356811747,0.07395402561821116,1.5277629488220517,0.8872436832831269,93.0
1.300752497554642,-0.5881409626643178,1.267655956326531,-0.2767230216593462,-0.49333451680444856,1.322672756398036,-1.4241161081600944,0.22438249195028873,-0.3032281317682747,73.0
-0.02438347628330323,0.2977988112138946,-0.6660651444084117,0.12267103022012323,0.6248820117985279,-0.07963080964304757,0.07395402561821116,-1.1899239612509858,-1.824740237636109,125.0
0.0340784049154298,-2.281270308298234,0.08706833693046082,2.037622868249366,2.814647926558771,-0.6264750574042424,1.3715781555811095,0.03026199837364335,2.160475571038637,252.0
-0.29720558854405676,-0.07626464886801758,-0.3403858011267373,1.9627364835219656,0.820525032051697,-1.6660205580987906,-1.571813163603026,-1.0374007162979069,0.9445391182321247,167.0
0.42382427957364904,1.5135050564801074,-1.35813374888197,1.8521899155910406,1.2189906329342988,0.2019127634617259,0.5170451919470059,-0.7600857254741277,-0.16317262411516884,168.0
-0.37515476347570037,1.8875685165620195,-0.8085498570941442,-0.3587414430274517,0.06667119254407264,0.061140976909339076,-0.6434316722474562,1.389105453410162,0.23789542052781706,101.0
0.7551082730331357,0.509439979418134,0.5755873518529723,-0.23036478349476502,-0.417949132853686,-0.3449314842994689,0.35879834682957923,0.7651467240566585,1.7466752075180965,79.0
-0.23874370734532374,-0.11563974992927131,0.45345759812234443,1.2958910576160654,1.9136130993377527,0.07738387535769163,-0.8333278863883683,1.5416286983632403,-1.1308288588093562,200.0
-1.398237684453526,0.5192837546834477,1.532270422742891,0.47214082561465925,0.3448791571242674,0.916600295189228,-0.020994081452244878,0.4185029855269344,-2.0029927019218805,115.0
-0.05361441688266974,-0.39126545735804846,-0.8696147339594583,0.14406714014223773,0.6536002533035804,-0.5506748646452647,-0.2530894542911372,0.7235494754330916,0.5116402763952514,116.0
-0.5505404070718991,1.1788166974594496,0.45345759812234443,-0.7759655865086832,-0.9528263808852864,-0.5290176667141284,-1.571813163603026,0.2937112396562336,0.0023475212930475385,67.0
0.5115171013717482,0.8342845631734782,-0.8899696929145628,-1.6710361849171373,-1.5523196723032546,0.6837854174295113,-1.0443236798782705,0.09959074607958823,-0.2522988562580544,50.0
-0.813618872466197,-0.7456413669093331,0.5348774339427631,-1.4071508292110593,-1.2615474770645994,-0.38824588016174155,0.5064954022725107,0.4046372359857454,-0.7870562491153685,68.0
-1.2423393345902385,-0.23868694074568966,1.186236120506112,1.3065891125771225,1.4146336531874681,1.5175875377782635,0.8757380408798395,-0.08066399795586846,-0.8316193651868116,161.0
1.0863922664926218,-1.8678317471550687,-0.38109571903694645,-1.6710361849171373,-1.5523196723032546,-1.4494485787874265,-0.4007865097340688,0.4185029855269344,-2.0602881368708785,66.0
-1.6613161498478242,0.46514299072422316,1.4508505869224726,-0.8900781727599604,-0.9043643483455105,0.0124122815642822,0.8546384615308493,-1.1344609630862297,-0.29686197232949746,38.0
1.1545977945578099,-0.04181143543942031,2.1022092734858218,-0.5334763407247196,-0.7733373714787092,-0.5236033672313443,-0.2636392439656323,-0.19158999428538012,1.0082007126199002,54.0
2.0217823656723484,-1.6906437923794262,0.6977171055836006,-0.4371938460752045,-0.28692215598688464,1.073614980189967,0.28494981910811357,0.6542207277271467,1.383804119507776,68.0
-1.1254155721927726,0.7407686981530007,0.5552323928978677,1.6132666881274293,1.4936088173263617,0.017826581047066383,1.5509245800475269,1.7912121901046418,-0.29686197232949746,170.0
0.6186972169027587,-1.3215022199301711,0.8198468593142284,-1.6710361849171373,-1.5523196723032546,-1.579391766374245,-0.24253966461664217,-0.981937718133151,0.6389634651708025,50.0
0.7161336855673135,0.9622536416225537,-0.4625155548573651,0.9571193171825867,1.4092489829052708,1.1656580713972966,0.00010549789674545484,0.19665099286791077,-0.5769729876357096,172.0
0.9012629760299679,-1.139392377521872,-0.9103246518696675,0.8964970057365956,1.2800168961325353,-0.3720029817133894,-1.1498215766232216,-0.6630254786858049,-0.7997885679929237,162.0
-0.14130723868076894,-2.6454899931148326,-0.7474849802288303,1.1461182881612642,1.0215527225870638,-0.6860323517148674,2.4687562817286013,1.389105453410162,-0.1822711024315013,147.0
-0.06335806374912502,-0.8145477937665276,-0.9306796108247722,-0.825889842993617,-0.8289789643947482,-0.7780754429221973,-0.35858735103608835,-0.06679824841467949,-0.054947913655950316,55.0
0.053565698648340695,0.5143618670507905,-0.07577133471037659,-1.168227601747448,-1.121546049727469,-0.8213898387844701,-0.29528861298911774,-0.13612699612062437,1.0718623070076756,63.0
-1.2033647471244164,0.5734245186426714,0.1888431317059841,-0.6047967071317678,-0.6979519875279466,-1.2382908989588464,0.28494981910811357,0.6126234791035797,-0.29686197232949746,78.0
-1.2520829814566938,-0.878532332991065,1.023396448865275,0.49353693553677375,0.7451396481009347,-0.9567473258540727,0.13725276366518177,0.6264892286447687,-0.7806900896765911,127.0
0.9694685040951558,-1.8924411853183523,-0.5439353906777836,0.5291971187402978,0.21026240006933447,-1.4981772741324832,-0.6223320928984661,-1.439507452992387,1.3710718006302207,107.0
-0.911055341130752,-0.5241564234397801,0.5755873518529723,-0.8223238246732645,-0.6153870432009211,0.3318559510485444,1.6247731077689924,-1.1344609630862297,-0.5960714659520421,48.0
0.5115171013717482,-0.4404843336846158,-0.44216059590226037,0.02282251725025593,0.1025689944253881,0.7758285086368413,-1.3080684217406482,-1.439507452992387,-0.054947913655950316,92.0
-0.5797713476712656,-0.5684534121336909,-1.480263502612598,-0.7688335498679784,-0.8164147337362877,-0.707689549646004,-0.09484260917371058,-0.011335250249923578,0.07874143455837831,50.0
-0.05361441688266974,-0.5536877492357206,1.267655956326531,1.1461182881612642,0.6446258028332515,1.3659871522603086,-1.170921155972212,1.9298696855165316,0.3142893337931474,131.0
-1.700290737313646,0.568502631010015,0.9623315719999609,-1.360792591046478,-1.3171890699806383,0.8245572039818981,-0.8016785173648829,0.26597974057385565,-0.5515083498805995,56.0
-1.193621100257961,0.28303314831592385,0.3923927212570307,-1.6710361849171373,-1.5523196723032546,-0.17167390085037734,-0.020994081452244878,0.7512809745154695,0.4225140442523659,79.0
0.4530552201730156,2.970383795746501,-2.477656491412726,1.6881530728548302,1.9387415606546736,-1.6660205580987906,-0.2530894542911372,0.21051674240909973,-0.360523566717273,198.0
-0.5602840539383547,-0.012280109643479833,-1.1342292003758188,0.051350663813075084,0.20846750997526856,0.770414209154057,0.13725276366518177,-1.39791020436882,-0.7042961764112605,95.0
-0.7843879318668309,-0.937594984582946,-1.0528093645554,-0.7617015132272736,-0.5184629781213693,-0.458631773437935,0.39044771585306465,0.002530499291265399,0.6071326679769148,54.0
-0.40438570407506685,0.3322520246424912,-0.17754612948589987,0.8715348774941287,1.012578272116735,0.8245572039818981,-0.5484835651770004,-0.5520994823562932,-1.0862657427379134,146.0
0.813570154231868,-0.5143126481744669,2.550018370498124,-1.6710361849171373,-1.5523196723032546,0.5267707324287723,-0.5906827238749807,0.0579934974560213,-0.16953878355394647,56.0
0.9597248572287002,0.032016879050430706,-1.0120994466451907,-1.414282865851764,-1.2866759383815203,0.028655180012634555,-1.571813163603026,0.016396248832454375,0.5116402763952514,54.0
-0.9890045160623958,0.3076425864792075,0.49416751603255393,-0.2909870949407558,-0.5884636917899344,-0.8863614325778795,0.35879834682957923,1.7496149414810747,-0.31596045064582995,114.0
1.300752497554642,0.48483054125485037,-0.014706457845062467,-1.6710361849171373,-1.5523196723032546,-0.7889040418877655,1.2766300485106539,2.415170919458145,-1.741980164932001,131.0
0.014591111182518907,-1.193533141481096,-0.3200308421716323,-0.6226267987335298,-0.6512848450822365,1.7070880196757072,-0.08429281949921551,0.016396248832454375,0.7089912189973556,68.0
0.8525447416976905,-1.6611124665834858,-0.8696147339594583,0.02995455389096085,-0.16845940977854376,0.2777129562207033,0.4220970848765497,-0.4689049851091595,0.6898927406810227,83.0
-0.833106166199108,-0.4552499965825859,0.5552323928978677,0.6718378515543941,0.4453930023919506,0.5971566257049655,-1.0654232592272608,-1.009669217215529,-1.4555029901870111,111.0
-0.7746442850003752,0.8785815518673891,0.8402018182693329,-0.22679876517441255,-0.29051193617501625,-0.453217473955151,-0.010444291777749618,-0.06679824841467949,0.855412886089239,74.0
0.5797226294369365,-0.2829839294396002,-0.09612629366548117,0.625479613389813,0.5835995396350152,-0.0038306168840701567,-1.571813163603026,0.7374152249742806,-1.5191645845747868,115.0
0.4140806327071934,0.8145970126428517,0.45345759812234443,2.312206278916501,2.884648640227336,3.076905788820086,1.181681941440198,-1.439507452992387,-0.14407414579883593,261.0
0.7551082730331357,-0.13040541282724138,-0.03506141680016741,0.9143270973383577,1.3643767305536263,-0.5777463620591853,-1.571813163603026,-0.4134419869444036,0.95727143710968,166.0
1.3104961444210976,-1.8875192976856956,-0.3200308421716323,-0.18044052700983138,-0.20974188194205648,-0.9784045237852093,0.7174911957624128,1.0285959653392487,1.0209330314974554,87.0
-0.16079453241367983,-0.5782971873990043,0.657007187673391,-0.9792286307687705,-1.0748789072817588,-0.020073515332422513,-1.381916949462114,0.6819522268095246,-1.786543281003444,75.0
1.8561403689426048,1.7300681123170039,0.8198468593142284,0.582687393545584,0.8995001961905911,0.22898426087564644,0.5170451919470059,-1.3563129557452531,-0.42418516110504845,133.0
0.9402375634957897,-1.5134558376037837,1.837594807069461,0.5541592469827645,-0.14692072864975445,2.3838754550237207,0.28494981910811357,0.889938469927359,-0.6279022631459298,97.0
0.6479281575021252,0.9081128776633293,0.08706833693046082,-1.6710361849171373,-1.5523196723032546,0.37517034691081746,-0.9493755728078145,-0.4689049851091595,-0.710662335850038,43.0
-0.17053817928013545,-0.8391572319298114,0.31097288543661195,0.2011234332678763,0.19590327931680834,0.017826581047066383,0.3165991881315986,3.510565133212073,-0.20136958074783423,179.0
0.37510604524137164,-0.17470240152115227,1.2473009973714262,0.5791213752252314,-0.09486891592184692,-0.27995989050605946,1.487625842000556,-0.99580346767434,-0.11224334860494817,111.0
0.1704894610458064,0.7998313497448809,1.593335299608205,0.654007759952632,0.8671921744974075,0.8137286050163297,0.5064954022725107,-1.439507452992387,-0.5833391470744872,129.0
-0.3654111166092451,3.270618941338562,0.473812557077449,1.7773035308636402,0.7110367363136849,0.19649846397894172,1.181681941440198,-1.2869842080393084,1.281945568487335,158.0
-0.6479768757364539,-0.2583744912763165,-1.8466527638044816,-1.0291528872537041,-0.9976986332369308,0.6783711179467271,3.597583776899578,-0.5382337328151042,-0.2204680590641667,64.0
-0.14130723868076894,-1.2427520178076634,-1.297068872016656,-1.6710361849171373,-1.5523196723032546,1.0465434827760465,-0.32693798201260293,1.319776705704217,-1.8565710348299969,111.0
2.5381956495944884,1.7940526515415414,-0.2996758832165277,1.074797921754216,1.8830999677386349,0.770414209154057,-1.571813163603026,1.4584342011161064,-0.41781900166627084,185.0
-0.10233265121494715,-0.4650937718478995,0.1888431317059841,0.2225195431899908,-0.02845798244141327,0.2831272557034875,-1.1076224179252412,0.6542207277271467,1.1036931042015634,89.0
-0.004896182550392334,0.24857993488732727,0.14813321379577457,0.6896679431561562,0.17436459818801903,0.5538422298426928,-1.5296140049050455,-1.023534966756718,0.23789542052781706,111.0
-1.1643901596585946,0.31256447411186467,-1.3174238309717605,0.7681203462039092,-0.02127842206515033,0.27229865673791914,0.49594561259801573,-0.16385849520300216,1.3583394817526655,112.0
0.3166441640426386,1.232957461418674,-0.40145067799205103,-0.42292977279379496,0.011029599628033529,-0.3124456874027642,0.9179371995778202,-0.9264747199683953,-0.2777634940131645,92.0
0.1510021673128955,-1.0212670743381103,-1.1545841593309234,0.9178931156587099,0.8151403617695,-0.6156464584386742,-0.10539239884820564,-1.439507452992387,1.1482562202730064,120.0
1.5540873160824846,2.17303799925611,-0.36074076008184186,0.4436126790518399,-0.19717765128359602,1.988631592780481,1.7619203735374291,2.110124429551988,0.2569938988441495,123.0
-0.9987481629288514,0.4700648783568803,1.7765299302041475,-0.6119287437724725,-0.355127979561384,-0.7889040418877655,-1.192020735321202,0.5155632323152569,-0.010384797584507742,75.0
0.7356209793002244,0.6324871702345524,-0.9713895287349815,-1.6710361849171373,-1.5523196723032546,-0.17167390085037734,-1.4979646358815604,-0.8987432208860173,0.912708321038237,60.0
0.0340784049154298,0.5192837546834477,0.5348774339427631,0.41151851416866825,-0.09845869610997851,-0.05797361171191122,0.46429624357453037,-0.45503923556797055,0.9445391182321247,101.0
-1.9049073215092112,0.9573317539898966,-0.6253552264982024,0.8180446026888426,0.5638557486002918,-0.3124456874027642,0.07395402561821116,-1.439507452992387,-1.2645182070236847,115.0
0.8525447416976905,1.508583168847451,-0.40145067799205103,-0.08415803236031628,-0.48794984652225126,0.7541713107057049,-1.571813163603026,-0.7878172245565056,1.5238596271608822,76.0
1.5053690817502072,0.273189373050611,-0.40145067799205103,-0.8936441910803127,-0.782311821949038,1.9236599989870715,-0.5906827238749807,0.21051674240909973,0.829948248334129,86.0
2.4699901215292996,0.08123575537699804,0.5145224749876586,-1.1468314918253335,-1.0407759954945093,0.8949430972580913,-0.3796869303850785,-0.5243679832739152,-0.054947913655950316,51.0
0.8428010948312349,1.0163944055817775,-0.1571911705307953,-1.6710361849171373,-1.5523196723032546,-0.3395171848166847,-1.0443236798782705,-0.3579789887796477,0.6389634651708025,56.0
0.2386949891109947,0.6915498218264333,0.6366522287182864,-0.651154945296349,-0.837953414865077,0.023240880529850374,-0.03154387112673995,0.33530848827980053,-0.32232661008460756,67.0
1.8074221346103274,1.021316293214434,-0.014706457845062467,-0.20540265525229806,0.23718575148032106,-1.0758619144753232,-1.571813163603026,0.7651467240566585,1.1928193363444495,96.0
-1.6515725029813686,-0.31743714286819746,-1.1138742414207141,1.4563618820319237,1.547455520148335,3.0335913929578133,-0.49573461680452485,-0.6491597291446161,-0.34142508840094005,174.0
0.1899767547787173,-1.1836893662157828,-1.2767139130615515,-0.397967644551328,-0.46641116539346195,0.14235546915110067,1.3082794175341392,-0.08066399795586846,1.9440261501202,71.0
-0.8720807536649301,-1.6709562418487993,-0.7271300212737256,1.2673629110532463,0.7756527797000526,1.8262026082969578,-0.6434316722474562,-1.2176554603333634,-0.5960714659520421,136.0
-0.07310171061558064,-0.05165521070473392,-0.7067750623186209,-0.019969702593973054,-0.46641116539346195,0.862457300361387,-1.571813163603026,-0.8571459722624505,-0.8443516840643666,70.0
0.42382427957364904,-0.16485862625583866,-0.4828705138124697,-0.9685305758077133,-0.9689803917318783,-0.664375153783731,1.2871798381851491,0.87607272038617,0.2824585365992596,91.0
-0.6090022882706321,1.0163944055817775,-1.5616833384330164,-0.8686820628378459,-0.6135921531068553,0.613399524153318,-1.571813163603026,0.3075769891974226,-0.5642406687581543,63.0
-0.7649006381339196,-0.1500929633578686,0.43310263916723984,-1.1789256567085054,-0.986929292672536,-1.6660205580987906,1.8990676393058654,1.1811192102923271,-0.3350589289621624,93.0
0.930493916629334,-1.1344704898892153,0.1888431317059841,-0.7403054033051591,-0.8271840743006823,-0.767246843956629,-0.17924092656967153,0.9592672176333039,-0.4114528422274932,89.0
0.9012629760299679,1.1886604727247632,-0.40145067799205103,1.1746464347240833,1.5079679380788882,0.23439856035843062,-1.1603713662977166,1.27817945708065,0.8235820888953513,174.0
-0.13156359181431332,1.2378793490513305,0.5755873518529723,1.160382361442674,1.5348912894898747,0.0936267738060438,-1.3186182114151432,0.36303998736217846,0.2824585365992596,173.0
-1.5443923874503582,0.11076708117293851,1.3083658742367403,-1.0790771437386377,-1.0533402261529696,2.502990043644971,0.2111012913866475,-0.5798309814386712,0.7726528133851311,89.0
1.8561403689426048,1.4101454161943163,-0.27932092426142313,-0.41579773615309,-0.14153605836755717,-0.0038306168840701567,0.8335388821818592,1.5000314497396736,-1.5000661062584542,107.0
-0.47259123214025517,-0.05165521070473392,-1.643103174253435,1.3672114240231135,1.676687606921071,1.1169293760522399,1.3504785762321194,2.3042449231286337,-1.7929094404422214,179.0
0.06330934551479632,1.862959078398736,-0.03506141680016741,0.2617457447138673,0.05590185197967785,-0.864704234646743,-0.611782303223971,1.4445684515749178,0.7853851322626859,97.0
-0.014639829416847609,-0.061498985970047174,0.5552323928978677,-0.46215597431767147,-0.8110300634540903,2.0590174860566743,0.5064954022725107,0.39077148644455645,-0.44328363942138094,84.0
1.2422906163559098,-0.4503281089499291,0.6977171055836006,-0.3123832048628703,-0.06794556451086033,0.11528397173718014,0.9812359376247906,-0.23318724290894705,1.854899917977314,82.0
-1.4956741531180808,0.09107953064231165,1.6951100943837285,1.766605475902583,2.5023370501913265,-0.6535465548181629,-1.4135663184855993,-0.3163817401560808,-2.3976945871260886,218.0
-2.6454244833598275,1.5922552586026155,-0.07577133471037659,0.5291971187402978,0.5261630566249104,-0.864704234646743,1.2238811001381782,-1.1760582117097966,-0.42418516110504845,124.0
-1.398237684453526,-1.085251613562648,0.473812557077449,-1.6710361849171373,-1.5523196723032546,0.4238990422558743,-0.3374877716870982,-0.5798309814386712,-2.671439442993523,51.0
-0.5797713476712656,0.273189373050611,-2.131622189175947,0.6147815584287553,1.0197578324929981,0.18025556553058958,0.40099750552755953,-1.439507452992387,-0.3032281317682747,139.0
0.4140806327071934,0.873659664234732,1.6747551354286243,1.0997600499966829,1.8274583748225959,0.9057716962236597,-0.29528861298911774,0.6403549781859577,1.1036931042015634,188.0
-0.29720558854405676,0.4602211030915667,0.6162972697631818,-0.8009277147511501,-0.8146198436422218,-0.2583026925749231,0.9706861479502957,2.1794531772579324,-0.3541574072784953,138.0
1.1058795602255325,-0.36173413156210804,-0.6660651444084117,-1.1824916750288577,-0.9994935233309965,0.6079852246705338,-0.20034050591866168,-1.009669217215529,0.5562033924666945,42.0
-0.40438570407506685,-0.7357975916440199,0.5145224749876586,-0.7260413300237496,-0.6153870432009211,-0.8051469403361178,-0.6539814619219515,-1.439507452992387,-0.8825486406970318,54.0
-1.2618266283231494,-0.9671263103788862,-0.3200308421716323,-0.6618530002574062,-0.4323082536062123,-1.6660205580987906,0.07395402561821116,0.016396248832454375,-1.4364045118706787,68.0
-0.4823348790067108,0.5291275299487606,-1.1952940772411327,-0.7723995681883309,-0.6764133063991574,-1.6660205580987906,0.232200870735638,-1.439507452992387,0.8872436832831269,55.0
0.6479281575021252,-1.3854867591547086,-0.38109571903694645,1.2459668011311313,0.37180250853525404,0.3210273520829764,0.40099750552755953,-0.28865024107370296,0.7981174511402412,134.0
-1.2325956877237827,-1.0557202877667076,1.5119154637877867,0.18685935998646672,-0.2133316621301881,-0.9405044274057206,0.19000171203765734,-1.439507452992387,0.6771604218034679,87.0
-0.6674641694693648,-0.3764997944600781,-0.17754612948589987,-0.19470460029124095,-0.45025715454687004,-0.12835950498810464,0.3165991881315986,0.7928782231390364,0.7662866539463535,77.0
-2.0608056713724987,-0.31743714286819746,0.8402018182693329,-0.9364364109245416,-0.8307738544888138,-0.11211660653975228,-0.8544274657373586,0.8483412213037921,-1.3727429174829033,80.0
0.08279663924770721,1.6808492359904366,0.31097288543661195,-0.09842210564172586,-0.14153605836755717,-0.16625960136759335,-0.4007865097340688,-0.4134419869444036,-0.0931448702886157,73.0
0.4140806327071934,-0.8686885577257515,-0.9510345697798768,-1.6710361849171373,-1.5523196723032546,-0.3395171848166847,0.0212050772457356,-1.439507452992387,0.13603686950737617,51.0
0.27766957657681685,-0.9966576361748266,0.33132784439171653,-1.474905177297755,-1.4033437944957954,-0.26913129154049126,-0.34803756136159325,1.264313707539461,-0.41781900166627084,91.0
0.49202980763883736,-0.05165521070473392,-1.5820382973881213,-0.1554783987673644,0.16539014771769014,-0.8809471330950953,-0.611782303223971,1.9991984332224761,0.4097817253748106,125.0
-1.641828856114913,-0.8932979958890351,1.0641063667754842,-0.8793801177989031,-0.8594920959938662,-1.0758619144753232,1.181681941440198,2.9559351515645145,1.1673546985893388,156.0
0.3166441640426386,1.2083480232553905,-0.6050002675430975,1.8842840804742125,1.360786950365495,-0.6318893568870263,-0.2530894542911372,1.5138971992808623,0.19333230445637403,160.0
0.30690051717618333,0.2338142719893565,-0.5439353906777836,0.3829903676058491,0.49026525474359495,-1.6660205580987906,-1.0970726282507461,-0.5382337328151042,-1.1371950182481338,110.0
-1.135159219059228,0.6669403836631497,1.186236120506112,0.42934860577043027,-0.08768935554558398,0.5321850319115564,-1.00212452118029,-0.1499927456618132,-0.8125208868704789,100.0
0.7063900387008579,1.685771123623093,1.4915605048326819,0.11910501189977102,0.4238543212631613,1.3064298579496836,0.6647422473899373,0.5848919800212018,0.06600911568082303,113.0
-0.32643652914342297,1.2821763377452413,-1.4395535847023886,0.7574222912428515,0.9066797565668543,-0.30703138791997997,2.7536006029399696,0.44623448460931237,-0.5324098715642666,140.0
-0.17053817928013545,1.9417092805212433,0.22955304961619327,-0.13408228884524992,0.2623142127972417,0.006997982081498017,1.1922317311146928,-0.8848774713448283,-0.6342684225847074,111.0
-0.9987481629288514,0.7801437992142544,0.06671337797535587,0.4186505508093732,1.034116953245524,-0.9134329299918,-0.6856308309454368,-0.9680719685919621,-0.9398440756460298,147.0
-1.3300321563883377,-0.12548352519458492,0.2091980906610887,0.058482700453780005,0.4041105302284379,0.07738387535769163,0.4220970848765497,-0.21932149336775808,-1.487333787380899,122.0
-1.7295216779130125,0.7998313497448809,1.1048162846856937,0.28314185463598157,-0.19179298100139874,-0.1770882003331615,-0.6645312515964465,-1.0789979649214738,-0.29686197232949746,91.0
0.872032035430601,-2.862053048951729,1.1251712436407983,-0.21966672853370764,0.09179965386099331,-0.8863614325778795,1.097283624044237,-0.274784491532514,0.7217235378749105,90.0
0.1899767547787173,-1.8235347584611579,1.898659683934775,-0.7937956781104453,-0.48974473661631696,0.310198753117408,0.7807899338093837,1.5416286983632403,-0.5387760310030442,116.0
0.13151487357998462,0.09600141827496811,-0.3200308421716323,0.989213482065758,0.5225732764367788,0.42931334173865854,0.5170451919470059,-1.39791020436882,0.4416125225686984,123.0
-0.706438756935187,-0.11071786229661451,0.7587819824489143,1.2459668011311313,1.8130992540700697,0.3914132453591696,0.5803439299939763,0.8067439726802255,-0.9334779162072522,189.0
0.2386949891109947,-0.7850164679705872,-0.3200308421716323,0.16546325006435222,0.3197506958073465,0.7758285086368413,2.6586524958695135,-1.439507452992387,2.0777154983345283,106.0
-1.8951636746427556,0.9228785405612993,0.5145224749876586,0.2795758363156293,-0.17922875034293828,0.4455562401870107,0.812439302832869,-0.3163817401560808,-1.4555029901870111,101.0
-0.20951276674595723,-0.7111881534807362,-1.1952940772411327,-0.21610071021335545,-0.010509081500755541,-0.43697457550679863,-0.31638819233810783,-0.24705299245013604,-1.3854752363604583,92.0
0.8428010948312349,1.0459257313777177,-0.8899696929145628,0.6076495217880507,0.7343703075365402,-1.5360773705119721,1.3610283659066147,2.5260969157876567,0.5371049141503617,141.0
-0.8818244005313856,-0.42079678315398894,1.2269460384163215,-0.3444773697460419,-0.5166680880273036,-0.2528883930921389,1.3610283659066147,-0.260918741991325,-1.824740237636109,59.0
0.6479281575021252,0.4159241143976558,0.27026296752640244,1.3208531858585324,0.25692954251504446,0.5917423262221817,-0.3374877716870982,1.1533877112099495,1.339241003436333,148.0
0.04382205178188507,1.5479582699087047,0.5348774339427631,-0.729607348344102,-0.6171819332949868,0.6891997169122954,-0.7383797793179123,-0.08066399795586846,-0.20773574018661142,59.0
-0.5310531133389882,-0.7259538163787063,-1.4395535847023886,0.3009719462377436,0.3825718490996486,1.636702126399514,-0.7911287276903878,-0.635293979603427,-0.23320037794172196,102.0
1.8951149564084266,-0.9966576361748266,0.005648501110042118,0.14406714014223773,0.10795366470758537,0.3535131489796807,-0.21089029559315675,-0.260918741991325,0.874511364405572,87.0
0.5699789825704813,-1.4002524220526789,-0.2996758832165277,0.35089620272267746,0.9336031079778409,-0.29078848947162783,0.4115472952020548,1.708017692857508,1.2628470901710023,131.0
-0.8233625193326527,1.5676458204393318,-0.40145067799205103,-0.397967644551328,-0.4341031437002781,-1.3790626855112331,0.031754866920230676,-1.439507452992387,-0.6088037848295973,57.0
-1.6028542686490912,-0.012280109643479833,-0.5439353906777836,3.207276877324956,3.5667068759723293,2.1185747803673,1.9623663773528361,-1.439507452992387,0.5434710735891393,279.0
1.515112728616663,0.14522029460153543,1.206591079461217,-0.6475889269759966,-0.32999951824446333,0.624228123118886,-0.17924092656967153,-0.7878172245565056,1.1036931042015634,77.0
-0.14130723868076894,0.7309249228876871,0.22955304961619327,0.6754038698747463,1.2207855230283646,0.10986967225439595,0.7596903544603936,-0.4411734860267815,0.3142893337931474,148.0
0.5699789825704813,0.30272069884655106,0.14813321379577457,2.0590189781714803,1.65155914560415,0.7325141127745681,-0.5590333548514955,-0.025200999791112556,-0.32232661008460756,187.0
1.2033160288900873,1.6365522472965257,0.7180720645387051,1.6988511278158873,1.4092489829052708,-0.7185181486115721,1.6880718458159631,-1.439507452992387,0.855412886089239,167.0
0.2679259297103612,-0.972048198011543,0.12777825484066999,0.07987881037589449,-0.18820320081326716,2.205203572091845,1.5509245800475269,-0.42730773648559256,0.13603686950737617,96.0
1.9146022501413378,-0.6373598389908852,0.5552323928978677,0.9285911706197675,1.6084817833465714,-0.9513330263712887,-0.9282759934588243,0.9454014680921149,0.9063421615994598,178.0
-0.8720807536649301,-0.7013443782154226,-0.6253552264982024,1.2566648560921885,0.5279579467189763,1.728745217606844,-0.09484260917371058,-0.3579789887796477,0.5562033924666945,140.0
-0.4823348790067108,0.06647009247902798,-0.4218056369471558,1.1247221782391499,0.23539086138625515,-0.13918810395367281,0.1267029739906869,1.27817945708065,1.1864531769056719,136.0
-0.8038752255997418,-1.6857219047467693,-0.25896596530631855,0.6575737782729842,1.360786950365495,1.2035581677767855,0.06340423594371608,-0.260918741991325,-0.6788315386561502,169.0
2.9961470523178964,-0.5881409626643178,-0.8492597750043535,-0.5477404140061292,-0.7087213280923413,-0.1012880075741841,-0.7278299896434172,1.2088507093747052,1.0782284664464534,99.0
0.5407480419711148,-0.2189993902150628,-1.3174238309717605,-0.2981191315814607,-0.23846012344710873,-0.01465921584963833,-0.4535354581065444,1.222716458915894,0.7217235378749105,91.0
-1.5346487405839029,-1.1049391640932749,-0.07577133471037659,0.7645543278835565,0.8151403617695,-0.8538756356811747,-1.5612633739285309,0.8067439726802255,0.008713680731825178,125.0
0.5115171013717482,-0.7407194792766767,1.552625381697996,-1.535527488743746,-1.3979591242135982,1.2035581677767855,0.00010549789674545484,0.4046372359857454,1.364705641191443,67.0
2.226398949867913,-0.7554851421746467,1.186236120506112,-0.4764200475990811,-0.16486962959041215,0.14235546915110067,0.26385023975912303,0.36303998736217846,2.4915158618550692,88.0
1.3104961444210976,-0.6373598389908852,-0.1571911705307953,0.12267103022012323,-0.14333094846162284,-1.6172918627537338,0.6647422473899373,1.8050779396458305,-0.5515083498805995,105.0
0.9792121509616114,-0.26329637890897334,-0.21825604739610904,0.6468757233119272,0.5925739901053441,-0.35576008326503705,0.3376987674805891,-0.3441132392384587,0.4416125225686984,118.0
-0.17053817928013545,0.07139198011168443,0.6162972697631818,-1.3286984261633064,-1.3243686303569013,-0.47487467188628735,2.3421588056346603,-0.17772424474419116,-0.5005790743703787,47.0
1.9535768376071596,-0.1845461767864655,1.4915605048326819,-0.15904441708771688,0.25692954251504446,1.0032290869137734,0.5486945609704913,0.9038042194685479,0.148769188384931,108.0
-0.20951276674595723,-0.2780620418069434,0.9623315719999609,0.33663212944126764,0.05231207179154651,-0.556089164128049,-1.571813163603026,-1.439507452992387,-0.2713973345743869,93.0
-1.135159219059228,-1.8924411853183523,1.0641063667754842,-0.40866569951238535,-0.4071797922892915,-0.025487814815206504,0.43264687455104495,-0.8571459722624505,-0.32232661008460756,64.0
1.6807547253464064,0.8342845631734782,-0.21825604739610904,0.11553899357941856,0.29103245430229424,-0.20415969774708204,-0.126491978197196,-0.42730773648559256,1.1673546985893388,106.0
-0.3166928822769677,-0.4700156594805563,-0.3403858011267373,-1.6710361849171373,-1.5523196723032546,-0.6968609506804357,0.5064954022725107,0.487831733232879,0.5625695519054718,75.0
0.22895134224453942,-0.863766670093095,1.3897857100571587,-1.517697397141984,-1.3853948935551377,-1.3844769849940173,-0.14759155754618614,0.2382482414914777,-1.5891923384013398,58.0
-0.6772078163358204,0.04186065431574431,-0.1368362115756907,-1.6710361849171373,-1.5523196723032546,-0.0688022106774794,-0.6856308309454368,1.4722999506572958,-0.5833391470744872,115.0
0.4043369858407382,0.03693876668308751,-1.8873626817146911,-0.28742107662040356,0.17256970809395308,-0.4802889713690715,0.9179371995778202,-0.8987432208860173,-1.3918413957992357,89.0
1.0669049727597106,2.0204594826437514,0.6773621466284956,0.8073465477277855,1.2746322258503378,-0.5236033672313443,-0.52738398582801,-0.011335250249923578,-0.7552254519214807,166.0
0.1510021673128955,2.1681161116234535,-0.4218056369471558,-1.3393964811243637,-1.1987263237722972,1.0032290869137734,0.00010549789674545484,-0.19158999428538012,-0.4114528422274932,64.0
1.4176762599521082,1.4003016409290026,-0.014706457845062467,0.21895352486963832,0.7756527797000526,0.4455562401870107,1.5509245800475269,1.0285959653392487,1.4983949894057718,136.0
1.0766486196261662,0.36670523807108846,1.4712055458775777,0.008558443968846354,0.39154629956997744,0.46721343811814703,-1.192020735321202,1.3336424552454058,-1.175391974880799,104.0
0.2679259297103612,-0.5733752997663475,1.4915605048326819,-1.0113227956519422,-0.9043643483455105,-1.6660205580987906,-1.571813163603026,-1.2731184584981194,-0.31596045064582995,33.0
1.2033160288900873,-0.5192345358071236,-0.055416375755271995,1.02130764694893,0.2623142127972417,0.770414209154057,0.40099750552755953,1.8328094387282086,-0.15044030523761356,136.0
0.053565698648340695,0.5291275299487606,0.2091980906610887,0.5648573019438219,0.5835995396350152,0.0124122815642822,-0.6645312515964465,0.21051674240909973,1.110059263640341,117.0
1.2520342632223647,0.9081128776633293,-2.681206080963773,-0.44432588271590945,-0.5256425384976324,-0.6048178594731058,0.4220970848765497,1.5000314497396736,1.7148444103242086,99.0
-0.7649006381339196,-2.24189520723698,-1.3377787899268654,-1.5783197085879748,-1.4715496180702947,-0.26913129154049126,1.6036735284200023,0.8344754717626031,-1.1180965399318012,72.0
-0.813618872466197,-0.23376505311303286,1.0844613257305886,0.8929309874162434,0.244365311856584,-0.7185181486115721,1.593123738745507,1.6664204442339414,0.3843170876197005,115.0
0.43356792644010433,0.12061085643825177,-0.7271300212737256,0.4400466607314877,0.42026454107503,-0.9621616253368569,0.8862878305543348,0.487831733232879,0.1869661450175964,105.0
0.7356209793002244,-0.287905817072257,-0.3200308421716323,0.28314185463598157,0.39513607975810905,-1.6660205580987906,2.2050115398662236,2.137855928634366,0.4352463631299207,125.0
1.5346000223495742,2.17303799925611,0.7994919003591238,-0.26602496669828907,-0.2043572116598592,0.11528397173718014,0.5697941403194815,-1.439507452992387,0.07874143455837831,78.0
-0.9207989879972075,0.01725121615246064,-0.21825604739610904,-0.5869666155300057,-0.2043572116598592,-0.4261459765412305,-1.0970726282507461,-0.12226124657943539,-0.41781900166627084,77.0
-0.6577205226029096,-0.9228293216849757,-3.413984603347541,1.9556044468812606,2.39464364454738,-0.05797361171191122,0.1267029739906869,-0.12226124657943539,-0.7424931330439257,229.0
-0.3654111166092451,1.892490404194676,0.473812557077449,-0.9792286307687705,-1.1233409398215348,0.9436717926031486,1.2555304691616636,0.5155632323152569,1.4092687572628857,73.0
-1.943881908975033,1.6316303596638693,0.6366522287182864,1.2709289293735984,0.5943688801994097,0.4888706360492834,1.0656342550207516,-1.439507452992387,-0.3859882044723831,135.0
1.7684475471445056,-1.8481441966244414,-0.9103246518696675,-0.9221723376431319,-0.7966709427015641,0.9707432900170692,-0.14759155754618614,-0.8294144731800726,-0.7042961764112605,57.0
-0.7356696975345535,-0.26329637890897334,-0.7474849802288303,-0.6654190185777586,-0.48436006633411965,-1.6660205580987906,0.5908937196684716,0.5016974827740679,-0.32232661008460756,65.0
-0.5505404070718991,-1.119704826991245,1.0844613257305886,-1.6710361849171373,-1.5523196723032546,-0.01465921584963833,0.24275066041013288,1.0147302157980598,-0.978041032278695,91.0
-1.3495194501212486,0.9474879787245829,0.31097288543661195,-1.6710361849171373,-1.5523196723032546,-1.6660205580987906,1.6036735284200023,-1.439507452992387,0.874511364405572,60.0
-0.8428498130655635,0.16490784513216267,0.657007187673391,-0.5513064323264817,-0.18461342062513555,-1.0108903206819138,-1.571813163603026,-0.7878172245565056,-0.2586650156968321,75.0
-1.154646512792139,0.9278004281939565,0.9419766130448562,0.5791213752252314,0.6571900334917118,1.3659871522603086,1.3082794175341392,0.4185029855269344,0.040544477925712925,128.0
-0.18028182614659072,1.232957461418674,-0.6864201033635163,1.7345113110194113,1.1489899192657336,-0.27454559102327547,2.0784140637722825,1.6109574460691856,-0.17590494299272366,170.0
-1.3202885095218821,0.873659664234732,1.7358200122939376,-0.1554783987673644,-0.5723096809433426,2.7899479162325282,-1.3502675804386288,0.8067439726802255,-1.232687409829797,100.0
0.6284408637692139,-0.8686885577257515,0.31097288543661195,0.047784645492722884,0.20667261988120286,-0.707689549646004,-0.35858735103608835,0.7651467240566585,-0.08041255141106042,104.0
1.2130596757565428,1.3117076635411815,0.3923927212570307,0.8893649690958907,0.8061659112991711,1.782888212434685,-0.31638819233810783,0.9315357185509259,0.6771604218034679,128.0
0.9889557978280671,-2.4929114765024742,-0.4218056369471558,0.46500878897395437,-0.06974045460492626,-1.6660205580987906,0.010655287571240528,1.5416286983632403,1.1928193363444495,103.0
0.930493916629334,0.3420957999078048,0.6977171055836006,-0.6261928170538821,-0.8648767662760636,-0.8484613361983907,0.706941406087918,-1.1621924621686077,-0.7170284952888156,42.0
-0.06335806374912502,-2.6307243302168626,0.005648501110042118,0.7039320164375654,1.1830928310529834,0.34268455001411274,-0.9599253624823098,1.5416286983632403,0.9190744804770146,151.0
-1.4079813313199816,-0.3666560191947648,1.3694307511020543,0.07274677373518958,-0.2133316621301881,-0.664375153783731,1.3926777349301,-1.1067294640038519,-2.4677223409526414,84.0
0.6284408637692139,0.5389713052140742,0.5145224749876586,-0.012837665953268138,-0.16486962959041215,0.9436717926031486,2.0784140637722825,0.5987577295623908,0.16150150726248627,80.0
0.1997204016451729,-0.214077502582406,-0.5439353906777836,0.16902926838470467,-0.1020484762981101,0.6404710215672386,0.22165108106114273,-0.24705299245013604,-0.44328363942138094,84.0
-0.20951276674595723,-1.4642369612772164,0.06671337797535587,-1.6710361849171373,-1.5523196723032546,1.0086433863965576,0.24275066041013288,0.08572499653839925,0.0023475212930475385,58.0
-0.6187459351370874,0.5635807433773579,-0.7067750623186209,0.8501387675720145,0.8707819546855389,-0.6860323517148674,-1.0126743108547853,0.36303998736217846,0.6835265812422455,144.0
-0.3654111166092451,-1.1049391640932749,0.005648501110042118,1.2138726362479602,1.0466811839039847,1.3930586496742292,-0.5590333548514955,0.2798454901150446,-0.21410189962538906,150.0
-0.4141293509415225,-1.2772052312362605,-0.44216059590226037,1.3529473507417036,1.5833533220296505,-0.2258168956782184,1.4348768936280805,1.305910956163028,1.2501147712934473,181.0
1.2422906163559098,-0.1845461767864655,1.7765299302041475,-0.4264957911141474,-0.16486962959041215,1.3659871522603086,1.097283624044237,-1.2453869594157414,1.364705641191443,82.0
-1.4079813313199816,-1.4051743096853355,0.473812557077449,1.4313997537894567,1.588737992311848,-0.918847229474584,-1.2869688423916579,-1.439507452992387,-1.5127984251360094,178.0
-0.0828453574820359,-0.9031417711543488,0.3923927212570307,-0.4371938460752045,-0.6602592955525654,0.8137286050163297,1.9412667980038456,0.43236873506812334,1.0145668720586778,66.0
1.388445319352742,0.8392064508061353,-1.6838130921636445,0.4008204592076111,0.6356513523629227,-0.8051469403361178,-0.9599253624823098,0.07185924699721029,0.06600911568082303,123.0
-0.5310531133389882,-0.583219075031661,0.5348774339427631,0.1797273233457618,0.19051860903461082,1.9615600953665604,-0.3691371407105834,0.12732224516196589,-2.0029927019218805,94.0
1.0279303852938888,-0.3863435697253917,0.06671337797535587,0.15119917678294265,-0.11640759705063625,0.8570430008786029,-0.46408524778103943,1.236582208457083,1.0591299881301208,94.0
2.148449774936269,1.4003016409290026,0.7180720645387051,-1.0576810338165235,-0.8002607228896957,1.5771448320888888,0.010655287571240528,-0.09452974749705743,0.9891022343035677,75.0
0.7161336855673135,1.9170998423579597,-0.7067750623186209,-0.2767230216593462,-0.34794841918512104,1.4093015481225815,1.012885306648276,-0.6768912282269939,0.1869661450175964,75.0
-0.37515476347570037,-0.878532332991065,-1.9484275585800048,-1.6710361849171373,-1.5523196723032546,0.8137286050163297,-0.13704176787169106,1.6109574460691856,0.61986498685447,107.0
1.573574609815396,1.6168646967658993,-0.7881948981390395,0.6290456317101651,0.7792425598881845,1.4526159439848545,0.6436426680409472,-0.9126089704272062,0.23789542052781706,128.0
1.0474176790268002,0.3322520246424912,1.1455262025959028,-1.18605769334921,-1.0371862153063778,0.1315268701855327,-0.35858735103608835,0.7928782231390364,0.5307387547115839,78.0
0.5407480419711148,-1.0803297259299913,0.22955304961619327,0.286707872956334,0.8187301419576313,-0.4261459765412305,-0.991574731505795,0.2521139910326667,1.1928193363444495,138.0
0.121771226713529,-0.11071786229661451,-0.9510345697798768,-0.04849784915679221,-0.057176223946465786,-1.319505391200608,1.9623663773528361,0.46010023415050133,0.3906832470584782,84.0
-0.014639829416847609,0.2633455977852973,-1.0731643235105048,-1.6710361849171373,-1.5523196723032546,1.2252153657079219,-1.571813163603026,-0.6630254786858049,0.4607110008850313,70.0
-0.09258900434849153,0.21904860909138646,-0.7474849802288303,-1.6710361849171373,-1.5523196723032546,1.6204592279511618,1.7513705838629339,0.8067439726802255,0.6262311462932472,85.0
0.5699789825704813,0.32240824937717827,0.24990800857129786,1.6310967797291913,0.8402688230864209,-1.0866905134408913,0.09505360496720149,-0.260918741991325,-0.9080132784521421,152.0
-0.4336166446744334,-0.5143126481744669,-0.8492597750043535,-1.421414902492469,-1.272316817628994,2.919891103819347,1.4559764729770706,-1.1621924621686077,0.0023475212930475385,95.0
-0.7259260506680978,-1.0901735011953044,-0.584645308587993,-1.0826431620589902,-0.9330825898505629,0.05031237794377091,0.47484603324902525,0.09959074607958823,0.0023475212930475385,50.0
-0.5213094664725326,-0.878532332991065,-1.0528093645554,0.9571193171825867,0.29282734439635993,-1.1895622036137894,1.0445346756717615,0.44623448460931237,-0.40508668278871557,127.0
-0.22900006047886814,-1.6906437923794262,0.9216216540897517,1.4456638270708666,1.7377138701193073,-1.6660205580987906,-1.0548734695527655,-0.8294144731800726,-0.5133113932479341,183.0
-0.014639829416847609,-0.8440791195624678,0.31097288543661195,0.42578258745007785,0.504624375496121,1.317258456915252,0.4537464539000351,-0.7184884768505607,-0.9716748728399176,115.0
-0.9890045160623958,0.1304546317035654,-0.40145067799205103,1.6453608530106012,0.8636023943092757,0.34809884949689696,0.9073874099033249,-0.1499927456618132,-1.0671672644215808,160.0
2.2946044779331016,-1.6758781294814558,-0.19790108844100446,-0.8508519712360838,-0.7464140200677225,-1.0325475186130504,-0.42188608908305897,-1.3285814566628753,1.6511828159364332,67.0
0.6576718043685805,0.7801437992142544,0.026003460065146703,-0.40153366287168046,-0.07153534469899192,0.6729568184639433,-0.9071764141098342,-1.439507452992387,0.4607110008850313,84.0
0.8817756822970566,0.509439979418134,-2.3962366555923076,0.42578258745007785,-0.14153605836755717,-0.32327428636833233,-1.45576547718358,-1.439507452992387,0.7790189728239088,96.0
-3.356710704611078,-0.2928277047049138,1.2269460384163215,-1.2181518582323816,-1.1592387417028502,-1.6660205580987906,-1.5401637945795406,-0.09452974749705743,-2.5886793702894155,46.0
0.5212607482382039,1.321551438806495,-1.0120994466451907,-0.04493183083643975,-0.15948495930821488,-0.864704234646743,0.7280409854369081,1.1811192102923271,2.0267862228243083,92.0
-0.8818244005313856,0.5488150804793878,0.6977171055836006,0.04421862717237043,-0.42512869322994923,-0.26371699205770727,-0.09484260917371058,-0.28865024107370296,-2.671439442993523,78.0
0.004847464316063286,2.3551478416644094,-0.9713895287349815,3.5496146360787866,3.2364470986642275,2.8224337131292336,0.07395402561821116,1.4584342011161064,0.61986498685447,277.0
-1.047466397261129,0.6669403836631497,-1.96878251753511,-0.651154945296349,-0.41435935266555457,-1.6660205580987906,0.2744000294336183,-1.439507452992387,-1.321813641972683,58.0
0.813570154231868,-0.6619692771541689,-0.014706457845062467,-1.6710361849171373,-1.5523196723032546,-0.9350901279229363,-0.6856308309454368,-1.0374007162979069,-0.09951102972739334,39.0
1.4469072005514743,-0.16978051388849547,-0.03506141680016741,0.2082554699085812,0.6248820117985279,-0.43697457550679863,0.6963916164134227,-1.439507452992387,-0.01675095702328493,119.0
-0.11207629808140242,-0.4552499965825859,1.2880109152816352,0.2118214882289334,0.5656506386943575,-0.6589608543009469,-1.571813163603026,-1.39791020436882,0.8490467266504614,127.0
-0.14130723868076894,-0.11563974992927131,1.1251712436407983,1.513418175157562,0.7397549778187374,-0.36117438274782104,-1.202570524995697,-0.9542062190507732,-0.837985524625589,144.0
1.4956254348837517,-0.49462509764384,0.046358419020251285,-0.3373453331053372,-0.6512848450822365,-1.265362396372767,-0.6961806206199318,-1.439507452992387,0.015079840170602819,56.0
-0.06335806374912502,-0.22884316548037606,1.2880109152816352,-0.8972102094006651,-0.5992330323543291,-1.6660205580987906,0.9917857272992858,0.5710262304800128,-0.6724653792173728,72.0
-0.6577205226029096,-0.36173413156210804,-0.8085498570941442,1.7523414026211734,1.4882241470441648,-0.301617088437196,-0.28473882331462264,1.1811192102923271,-0.15044030523761356,166.0
2.002295071939437,0.051704429581057566,-0.6457101854533069,-1.1896237116695625,-1.2471883563120731,-0.11211660653975228,0.6330928783664519,0.7096837258919025,-0.36688972615605014,78.0
1.359214378753375,-0.39126545735804846,0.2091980906610887,-1.0434169605351138,-1.170008082267245,0.006997982081498017,0.538144771295996,-0.5382337328151042,0.37795092818092285,42.0
-1.9146509683756665,-0.2829839294396002,0.31097288543661195,-1.3286984261633064,-1.2435985761239416,0.10445537277161215,-0.2636392439656323,1.292045206621839,-0.6406345820234851,92.0
0.5602353357040256,0.15014218223419226,0.14813321379577457,0.1583312134236473,0.7128316264077509,0.08279817484047543,0.46429624357453037,-0.635293979603427,-0.6215361037071522,120.0
0.5212607482382039,0.5635807433773579,2.4278886167674965,-0.8936441910803127,-1.0120577539894569,0.023240880529850374,1.8146693219099048,0.9454014680921149,1.504761148844549,91.0
0.4530552201730156,0.2092048338260732,-0.3403858011267373,-0.7260413300237496,-0.5328220988738956,-1.3465768886145284,-1.571813163603026,0.6403549781859577,-0.44964979886015854,73.0
0.5212607482382039,-1.4002524220526789,-1.7448779690289584,-0.23393080181511747,0.16539014771769014,1.0844435791555351,0.1267029739906869,-1.023534966756718,0.3843170876197005,97.0
-1.2228520408573273,-1.6906437923794262,0.2091980906610887,-0.6261928170538821,-0.8074402832659588,-0.6806180522320834,1.6458726871179827,-0.8848774713448283,-0.7170284952888156,54.0
-1.0182354566617622,0.72600303525503,0.49416751603255393,-0.6440229086556442,-0.8864154474048528,0.7325141127745681,-1.1814709456467067,0.5710262304800128,-0.4560159582989362,75.0
0.3166441640426386,1.1099102706022557,0.5145224749876586,0.1333690851811806,0.13667190621263764,-1.6010489643053814,-1.170921155972212,-0.03906674933230153,-0.2841296534519422,98.0
-0.19002547301304634,0.18951728329544634,-0.5642903496328884,1.9841325934440799,2.1379743610959743,1.0032290869137734,0.14780255333967704,2.3874394203757667,0.6134988274156924,210.0
2.0120387188058926,0.2535018225199837,-0.5642903496328884,0.7609883095632043,0.8187301419576313,0.0015836825987140264,-0.20034050591866168,-0.23318724290894705,3.6819876769064708,130.0
-0.2679746479446903,-1.4494712983792464,0.5348774339427631,0.08344482869624695,-0.010509081500755541,-0.2583026925749231,1.1500325724167124,-0.6075624805210491,1.2055516552220042,87.0
-1.047466397261129,3.6200729632571895,-0.8696147339594583,0.9107610790180055,1.3877103017764816,-1.6660205580987906,1.2660802588361586,0.07185924699721029,-1.0162379889113604,166.0
0.39459333897428256,0.31256447411186467,0.657007187673391,0.2795758363156293,0.7487294282890661,-0.9838188232679932,-0.24253966461664217,-0.8987432208860173,2.4660512240999592,129.0
-1.7392653247794678,-1.193533141481096,1.4304956279673677,1.3493813324213515,1.3536073899892318,0.402241844324738,0.49594561259801573,-0.08066399795586846,0.21879694221148413,155.0
0.20946404851162853,-0.08610842413333085,0.3720377623019257,-0.8722480811581983,-0.9241081393802341,-1.6660205580987906,0.09505360496720149,1.7773464405634525,1.1991854957832266,125.0
0.014591111182518907,0.15998595749950587,0.005648501110042118,-0.5406083773654244,-0.20076743147172763,-1.070447614992539,-1.0970726282507461,-1.065132215380285,1.422001076140441,73.0
-1.2033647471244164,-0.13040541282724138,0.7791369414040189,-1.0755111254182854,-1.1430847308562584,0.22356996139286225,-0.8438776760628633,-0.7046227273093718,-1.4427706713094561,46.0
0.37510604524137164,-0.10087408703130125,0.7791369414040189,0.9464212622215296,1.5025832677966906,-0.5831606615419694,-0.31638819233810783,-0.16385849520300216,1.9567584689977555,170.0
0.9110066228964228,0.9524098663572401,-1.3988436667921793,0.07631279205554203,0.06667119254407264,0.5917423262221817,1.318829207208634,-0.8432802227212616,-2.251272920034205,91.0
0.16074581417935113,0.6521747207651789,1.3287208331918445,0.8358746942906047,1.2118110725580358,-0.01465921584963833,0.8862878305543348,1.5970916965279962,-1.5509953817686744,155.0
0.48228616077238173,-0.4552499965825859,1.959724560800089,-0.08415803236031628,0.28026311373789947,0.3372702505313286,-1.5612633739285309,0.19665099286791077,1.6702812942527656,119.0
-0.0828453574820359,-0.140249188092555,-0.09612629366548117,0.7395921996410896,1.0664249749387082,-1.059619016026971,-1.571813163603026,0.9454014680921149,0.5052741169564738,149.0
0.6771590981014913,0.4602211030915667,0.08706833693046082,1.5098521568372099,2.1074612294968564,-0.6373036563698106,1.4454266833025757,-0.5382337328151042,0.11057223175226606,201.0
-0.42387299780797777,0.4602211030915667,-0.7067750623186209,-1.6710361849171373,-1.5523196723032546,-0.32868858585111654,0.35879834682957923,-1.2731184584981194,-1.27725052590124,33.0
1.1838287351571768,-0.6078285131949447,1.6136902585633102,-1.5141313788216315,-1.406933574683927,-0.025487814815206504,-0.07374302982472043,0.1689194937855328,1.472930351650661,63.0
1.8463967220761492,-0.11563974992927131,0.41274768021213526,-0.04493183083643975,0.16897992790582175,-1.6010489643053814,-0.2319898749421471,-0.12226124657943539,0.040544477925712925,90.0
2.9084542305197965,-1.2722833436036038,-1.2156490361962373,0.25104768975280994,-0.026663092347347598,0.4076561438075218,0.2111012913866475,-0.24705299245013604,-0.12497566748250345,89.0
0.02433475804897418,1.0656132819083448,-0.40145067799205103,-1.054115015496171,-1.1502642912325214,-0.4261459765412305,-1.571813163603026,-0.28865024107370296,-0.5642406687581543,36.0
-0.7161824038016422,0.4700648783568803,-0.07577133471037659,0.012124462289198812,-0.19358787109546444,0.873285899326955,-1.45576547718358,-0.7046227273093718,-0.767957770799036,85.0
1.5053690817502072,2.2370225384806472,-2.762625916784191,0.16902926838470467,-0.28871704608095033,0.31561305260019223,1.4348768936280805,0.08572499653839925,1.1036931042015634,86.0
-1.5736233280497247,0.8933472147653592,0.005648501110042118,1.039137738550692,1.8005350234116093,-0.6210607579214582,-0.8544274657373586,-0.45503923556797055,0.4225140442523659,193.0
0.930493916629334,0.08123575537699804,-0.5235804317226791,-1.6032818368304418,-1.4715496180702947,-0.556089164128049,-1.1076224179252412,-1.439507452992387,0.35248629042581275,49.0
0.7356209793002244,-0.19438995205177914,-0.36074076008184186,-0.6547209636167014,-0.34794841918512104,-0.23123119516100257,-0.7700291483413977,0.8344754717626031,0.1678676667012639,87.0
-0.950029928596574,1.2181917985207034,0.1074232958855654,-0.030667757555030175,0.4759061339910688,-1.6660205580987906,-1.2342198940191824,-1.439507452992387,-2.2321744417178726,110.0
-0.6187459351370874,0.24365804725467013,-0.5642903496328884,1.0854959767152732,0.86180750421521,0.9003573967408756,0.6330928783664519,-0.5936967309798601,-0.978041032278695,141.0
-1.1059282784598616,-0.7948602432359004,0.6366522287182864,-1.1468314918253335,-0.900774568157379,-0.9838188232679932,-0.7067304102944271,0.6264892286447687,0.15513534782370864,68.0
-1.0279791035282178,-0.5143126481744669,-0.38109571903694645,-1.6710361849171373,-1.5523196723032546,0.9761575894998529,1.9518165876783409,1.0701932139628156,1.6002535404262122,95.0
-0.4336166446744334,-1.3657992086240818,1.5729803406531009,-0.6154947620928248,-0.6871826469635519,-1.5252487715464038,-1.571813163603026,-0.9542062190507732,1.5747889026711024,62.0
0.4627988670394709,0.41100222676499937,0.005648501110042118,0.24748167143245747,0.38795651938184583,-0.7780754429221973,-0.052643450475730096,-0.6214282300622381,0.8426805672116843,113.0
